player_id,name,nationality,pos,birth_date,height_in,height_cm,weight_lb,weight_kg,team_id,team_id2,team_id3,birth_city,birth_state_prov,hand,team
8465009,Z. Chara,SVK,D,1977-03-18 00:00:00,"6' 9""",205.74,250.0,113.398,6,0,0,Trencin,,L,BOS
8466138,J. Thornton,CAN,C,1979-07-02 01:00:00,"6' 4""",193.04,220.0,99.79024,28,0,0,London,ON,L,SJS
8466139,P. Marleau,CAN,C,1979-09-15 01:00:00,"6' 2""",187.96,215.0,97.52228,28,5,0,Aneroid,SK,L,SJS
8468493,R. Hainsey,USA,D,1981-03-24 00:00:00,"6' 3""",190.5,210.0,95.25431999999999,9,0,0,Bolton,CT,L,OTT
8468508,J. Williams,CAN,RW,1981-10-04 01:00:00,"6' 1""",185.42,188.0,85.275296,12,0,0,Cobourg,ON,R,CAR
8468674,D. Engelland,CAN,D,1982-04-03 01:00:00,"6' 2""",187.96,214.0,97.068688,54,0,0,Edmonton,AB,R,VGK
8469454,I. Kovalchuk,RUS,RW,1983-04-15 01:00:00,"6' 3""",190.5,230.0,104.32616,26,8,15,Tver,,R,LAK
8469455,J. Spezza,CAN,C,1983-06-13 01:00:00,"6' 3""",190.5,214.0,97.068688,10,0,0,Toronto,ON,R,TOR
8469459,M. Koivu,FIN,C,1983-03-12 00:00:00,"6' 3""",190.5,215.0,97.52228,30,0,0,Turku,,L,MIN
8469465,D. Hamhuis,CAN,D,1982-12-13 00:00:00,"6' 1""",185.42,204.0,92.532768,18,0,0,Smithers,BC,L,NSH
8470047,V. Filppula,FIN,C,1984-03-20 00:00:00,"6' 0""",182.88,196.0,88.904032,17,0,0,Vantaa,,L,DET
8470110,T. Daley,CAN,D,1983-10-09 01:00:00,"5' 11""",180.34,195.0,88.45044,17,0,0,Toronto,ON,L,DET
8470144,F. Nielsen,DNK,C,1984-04-24 01:00:00,"6' 1""",185.42,188.0,85.275296,17,0,0,Herning,,L,DET
8470151,J. Bouwmeester,CAN,D,1983-09-27 01:00:00,"6' 4""",193.04,206.0,93.439952,19,0,0,Edmonton,AB,L,STL
8470187,J. Boychuk,CAN,D,1984-01-19 00:00:00,"6' 2""",187.96,227.0,102.965384,2,0,0,Edmonton,AB,R,NYI
8470257,A. Steen,SWE,LW,1984-03-01 00:00:00,"6' 0""",182.88,211.0,95.707912,19,0,0,Winnipeg,MB,L,STL
8470281,D. Keith,CAN,D,1983-07-16 01:00:00,"6' 1""",185.42,192.0,87.089664,16,0,0,Winnipeg,MB,L,CHI
8470318,J. Ericsson,SWE,D,1984-03-02 00:00:00,"6' 4""",193.04,220.0,99.79024,17,0,0,Karlskrona,,L,DET
8470595,E. Staal,CAN,C,1984-10-29 00:00:00,"6' 4""",193.04,208.0,94.347136,30,0,0,Thunder Bay,ON,L,MIN
8470600,R. Suter,USA,D,1985-01-21 00:00:00,"6' 2""",187.96,202.0,91.625584,30,0,0,Madison,WI,L,MIN
8470601,B. Coburn,CAN,D,1985-02-27 00:00:00,"6' 5""",195.58,223.0,101.151016,14,0,0,Shaunavon,SK,L,TBL
8470604,J. Carter,CAN,C,1985-01-01 00:00:00,"6' 3""",190.5,217.0,98.429464,26,0,0,London,ON,R,LAK
8470606,D. Brown,USA,RW,1984-11-04 00:00:00,"6' 0""",182.88,216.0,97.975872,26,0,0,Ithaca,NY,R,LAK
8470607,B. Seabrook,CAN,D,1985-04-20 01:00:00,"6' 3""",190.5,220.0,99.79024,16,0,0,Richmond,BC,R,CHI
8470610,Z. Parise,USA,LW,1984-07-28 01:00:00,"5' 11""",180.34,195.0,88.45044,30,0,0,Minneapolis,MN,L,MIN
8470612,R. Getzlaf,CAN,C,1985-05-10 01:00:00,"6' 4""",193.04,223.0,101.151016,24,0,0,Regina,SK,R,ANA
8470613,B. Burns,CAN,D,1985-03-09 00:00:00,"6' 5""",195.58,230.0,104.32616,28,0,0,Barrie,ON,R,SJS
8470619,B. Boyle,USA,C,1984-12-18 00:00:00,"6' 6""",198.12,245.0,111.13004,13,0,0,Hingham,MA,L,FLA
8470621,C. Perry,CAN,RW,1985-05-16 01:00:00,"6' 3""",190.5,213.0,96.615096,25,0,0,Peterborough,ON,R,DAL
8470626,L. Eriksson,SWE,LW,1985-07-17 01:00:00,"6' 2""",187.96,196.0,88.904032,23,0,0,Gothenburg,,L,VAN
8470638,P. Bergeron,CAN,C,1985-07-24 01:00:00,"6' 1""",185.42,195.0,88.45044,6,0,0,Ancienne-Lorette,QC,R,BOS
8470642,S. Weber,CAN,D,1985-08-14 01:00:00,"6' 4""",193.04,230.0,104.32616,8,0,0,Sicamous,BC,R,MTL
8470655,D. Backes,USA,RW,1984-05-01 01:00:00,"6' 3""",190.5,221.0,100.243832,6,0,0,Minneapolis,MN,R,BOS
8470755,B. Richardson,CAN,C,1985-02-04 00:00:00,"6' 0""",182.88,190.0,86.18248,53,0,0,Belleville,ON,L,ARI
8470775,N. Thompson,USA,C,1984-10-05 01:00:00,"6' 0""",182.88,212.0,96.161504,8,4,0,Anchorage,AK,L,MTL
8470794,J. Pavelski,USA,C,1984-07-11 01:00:00,"5' 11""",180.34,195.0,88.45044,25,0,0,Plover,WI,R,DAL
8470966,M. Giordano,CAN,D,1983-10-03 01:00:00,"6' 0""",182.88,198.0,89.811216,20,0,0,Toronto,ON,L,CGY
8471214,A. Ovechkin,RUS,LW,1985-09-17 01:00:00,"6' 3""",190.5,235.0,106.59412,15,0,0,Moscow,,R,WSH
8471215,E. Malkin,RUS,C,1986-07-31 01:00:00,"6' 3""",190.5,195.0,88.45044,5,0,0,Magnitogorsk,,L,PIT
8471217,A. Ladd,CAN,LW,1985-12-12 00:00:00,"6' 3""",190.5,200.0,90.7184,2,0,0,Maple Ridge,BC,L,NYI
8471218,B. Wheeler,USA,RW,1986-08-31 01:00:00,"6' 5""",195.58,225.0,102.0582,52,0,0,Plymouth,MN,R,WPG
8471228,A. Radulov,RUS,RW,1986-07-05 01:00:00,"6' 1""",185.42,201.0,91.171992,25,0,0,Nizhny Tagil,,L,DAL
8471233,T. Zajac,CAN,C,1985-05-13 01:00:00,"6' 2""",187.96,185.0,83.91452,1,0,0,Winnipeg,MB,R,NJD
8471242,M. Green,CAN,D,1985-10-12 01:00:00,"6' 1""",185.42,207.0,93.893544,17,0,0,Calgary,AB,R,DET
8471260,B. Comeau,CAN,LW,1986-02-18 00:00:00,"6' 1""",185.42,202.0,91.625584,25,0,0,Meadow Lake,SK,R,DAL
8471262,C. Soderberg,SWE,C,1985-10-12 01:00:00,"6' 3""",190.5,210.0,95.25431999999999,53,0,0,Malmö,,L,ARI
8471274,A. Goligoski,USA,D,1985-07-30 01:00:00,"5' 11""",180.34,185.0,83.91452,53,0,0,Grand Rapids,MN,L,ARI
8471276,D. Krejci,CZE,C,1986-04-28 01:00:00,"6' 0""",182.88,186.0,84.368112,6,0,0,Sternberk,,R,BOS
8471284,A. Sekera,SVK,D,1986-06-08 01:00:00,"6' 0""",182.88,200.0,90.7184,25,0,0,Bojnice,,L,DAL
8471303,A. Edler,SWE,D,1986-04-21 01:00:00,"6' 3""",190.5,214.0,97.068688,23,0,0,Ostersund,,L,VAN
8471392,R. Polak,CZE,D,1986-04-28 01:00:00,"6' 2""",187.96,235.0,106.59412,25,0,0,Ostrava,,R,DAL
8471426,T. Brouwer,CAN,RW,1985-08-17 01:00:00,"6' 3""",190.5,215.0,97.52228,19,0,0,Vancouver,BC,R,STL
8471669,P. Stastny,USA,C,1985-12-27 00:00:00,"6' 0""",182.88,193.0,87.543256,54,0,0,Quebec City,QC,L,VGK
8471675,S. Crosby,CAN,C,1987-08-07 01:00:00,"5' 11""",180.34,200.0,90.7184,5,0,0,Cole Harbour,NS,L,PIT
8471676,B. Ryan,USA,RW,1987-03-17 00:00:00,"6' 2""",187.96,209.0,94.80072799999999,9,0,0,Cherry Hill,NJ,R,OTT
8471677,J. Johnson,USA,D,1987-01-13 00:00:00,"6' 1""",185.42,227.0,102.965384,5,0,0,Indianapolis,IN,L,PIT
8471685,A. Kopitar,SVN,C,1987-08-24 01:00:00,"6' 3""",190.5,224.0,101.604608,26,0,0,Jesenice,,L,LAK
8471686,M. Staal,CAN,D,1987-01-13 00:00:00,"6' 4""",193.04,209.0,94.80072799999999,3,0,0,Thunder Bay,ON,L,NYR
8471698,T. Oshie,USA,RW,1986-12-23 00:00:00,"5' 11""",180.34,195.0,88.45044,15,0,0,Everett,WA,R,WSH
8471702,M. Niskanen,USA,D,1986-12-06 00:00:00,"6' 1""",185.42,203.0,92.079176,4,0,0,Virginia,MN,R,PHI
8471707,J. Neal,CAN,LW,1987-09-03 01:00:00,"6' 2""",187.96,221.0,100.243832,22,0,0,Whitby,ON,L,EDM
8471709,M. Vlasic,CAN,D,1987-03-30 01:00:00,"6' 1""",185.42,205.0,92.98636,28,0,0,Montreal,QC,L,SJS
8471716,J. Abdelkader,USA,LW,1987-02-25 00:00:00,"6' 2""",187.96,214.0,97.068688,17,0,0,Muskegon,MI,L,DET
8471724,K. Letang,CAN,D,1987-04-24 01:00:00,"6' 0""",182.88,201.0,91.171992,5,0,0,Montreal,QC,R,PIT
8471729,K. Russell,CAN,D,1987-05-02 01:00:00,"5' 10""",177.8,173.0,78.471416,22,0,0,Caroline,AB,L,EDM
8471735,K. Yandle,USA,D,1986-09-09 01:00:00,"6' 1""",185.42,196.0,88.904032,13,0,0,Boston,MA,L,FLA
8471743,V. Sobotka,CZE,LW,1987-07-02 01:00:00,"5' 10""",177.8,184.0,83.460928,7,0,0,Trebic,,L,BUF
8471769,N. Hjalmarsson,SWE,D,1987-06-06 01:00:00,"6' 3""",190.5,197.0,89.357624,53,0,0,Eksjo,,L,ARI
8471794,D. Helm,CAN,LW,1987-01-21 00:00:00,"6' 0""",182.88,196.0,88.904032,17,0,0,St. Andrews,MB,L,DET
8471804,N. Gerbe,USA,C,1987-07-24 01:00:00,"5' 4""",162.56,176.0,79.83219199999999,29,0,0,Oxford,MI,L,CBJ
8471817,R. Reaves,CAN,RW,1987-01-20 00:00:00,"6' 1""",185.42,225.0,102.0582,54,0,0,Winnipeg,MB,R,VGK
8471873,A. Stralman,SWE,D,1986-08-01 01:00:00,"5' 11""",180.34,190.0,86.18248,13,0,0,Tibro,,R,FLA
8471887,P. Hornqvist,SWE,RW,1987-01-01 00:00:00,"5' 11""",180.34,189.0,85.728888,5,0,0,Sollentuna,,R,PIT
8472382,A. Greene,USA,D,1982-10-30 00:00:00,"5' 11""",180.34,190.0,86.18248,1,2,0,Trenton,MI,L,NJD
8473415,A. Biega,CAN,D,1988-04-04 01:00:00,"5' 10""",177.8,193.0,87.543256,17,0,0,Montreal,QC,R,DET
8473419,B. Marchand,CAN,LW,1988-05-11 01:00:00,"5' 9""",175.26,181.0,82.100152,6,0,0,Halifax,NS,L,BOS
8473422,N. Foligno,USA,LW,1987-10-31 00:00:00,"6' 0""",182.88,202.0,91.625584,29,0,0,Buffalo,NY,L,CBJ
8473446,E. Johnson,USA,D,1988-03-21 00:00:00,"6' 4""",193.04,225.0,102.0582,21,0,0,Bloomington,MN,R,COL
8473449,K. Okposo,USA,RW,1988-04-16 01:00:00,"6' 0""",182.88,220.0,99.79024,7,0,0,St. Paul,MN,R,BUF
8473453,T. Lewis,USA,C,1987-01-08 00:00:00,"6' 1""",185.42,201.0,91.171992,26,0,0,Salt Lake City,UT,R,LAK
8473463,L. Komarov,FIN,C,1987-01-23 00:00:00,"5' 11""",180.34,210.0,95.25431999999999,2,0,0,Narva,,L,NYI
8473473,M. Lucic,CAN,LW,1988-06-07 01:00:00,"6' 3""",190.5,236.0,107.047712,20,0,0,Vancouver,BC,L,CGY
8473485,C. Stewart,CAN,RW,1987-10-30 00:00:00,"6' 2""",187.96,242.0,109.76926399999999,4,0,0,Toronto,ON,R,PHI
8473504,C. Clutterbuck,CAN,RW,1987-11-18 00:00:00,"5' 11""",180.34,216.0,97.975872,2,0,0,Welland,ON,R,NYI
8473507,J. Petry,USA,D,1987-12-09 00:00:00,"6' 3""",190.5,208.0,94.347136,8,0,0,Ann Arbor,MI,R,MTL
8473512,C. Giroux,CAN,C,1988-01-12 00:00:00,"5' 11""",180.34,185.0,83.91452,4,0,0,Hearst,ON,R,PHI
8473533,J. Staal,CAN,C,1988-09-10 01:00:00,"6' 4""",193.04,220.0,99.79024,12,0,0,Thunder Bay,ON,L,CAR
8473544,D. Brassard,CAN,C,1987-09-22 01:00:00,"6' 1""",185.42,202.0,91.625584,2,0,0,Hull,QC,L,NYI
8473546,M. Grabner,AUT,RW,1987-10-05 01:00:00,"6' 1""",185.42,188.0,85.275296,53,0,0,Villach,,L,ARI
8473548,P. Kessel,USA,RW,1987-10-02 01:00:00,"6' 0""",182.88,202.0,91.625584,53,0,0,Madison,WI,R,ARI
8473563,N. Backstrom,SWE,C,1987-11-23 00:00:00,"6' 1""",185.42,210.0,95.25431999999999,15,0,0,Gävle,,L,WSH
8473564,M. Frolik,CZE,RW,1988-02-17 00:00:00,"6' 1""",185.42,194.0,87.996848,20,7,0,Kladno,,L,CGY
8473573,A. Anisimov,RUS,C,1988-05-24 01:00:00,"6' 4""",193.04,198.0,89.811216,9,0,0,Yaroslavl,,L,OTT
8473604,J. Toews,CAN,C,1988-04-29 01:00:00,"6' 2""",187.96,201.0,91.171992,16,0,0,Winnipeg,MB,L,CHI
8473618,M. Perreault,CAN,C,1988-01-05 00:00:00,"5' 10""",177.8,188.0,85.275296,52,0,0,Drummondville,QC,L,WPG
8473986,A. Killorn,CAN,LW,1989-09-14 01:00:00,"6' 1""",185.42,196.0,88.904032,14,0,0,Halifax,NS,L,TBL
8473991,K. Alzner,CAN,D,1988-09-24 01:00:00,"6' 3""",190.5,217.0,98.429464,8,0,0,Burnaby,BC,L,MTL
8473994,J. Benn,CAN,LW,1989-07-18 01:00:00,"6' 2""",187.96,209.0,94.80072799999999,25,0,0,Victoria,BC,L,DAL
8474009,N. Bonino,USA,C,1988-04-20 01:00:00,"6' 1""",185.42,196.0,88.904032,18,0,0,Hartford,CT,L,NSH
8474013,I. Cole,USA,D,1989-02-21 00:00:00,"6' 1""",185.42,219.0,99.336648,21,0,0,Ann Arbor,MI,L,COL
8474027,J. Braun,USA,D,1987-02-10 00:00:00,"6' 2""",187.96,205.0,92.98636,4,0,0,Minneapolis,MN,R,PHI
8474031,K. Shattenkirk,USA,D,1989-01-29 00:00:00,"6' 0""",182.88,200.0,90.7184,14,0,0,New Rochelle,NY,R,TBL
8474034,P. Maroon,USA,LW,1988-04-23 01:00:00,"6' 3""",190.5,225.0,102.0582,14,0,0,St. Louis,MO,L,TBL
8474037,J. van Riemsdyk,USA,LW,1989-05-04 01:00:00,"6' 3""",190.5,210.0,95.25431999999999,4,0,0,Middletown,NJ,L,PHI
8474038,P. Byron,CAN,LW,1989-04-27 01:00:00,"5' 9""",175.26,162.0,73.481904,8,0,0,Ottawa,ON,L,MTL
8474040,S. Gagner,CAN,C,1989-08-10 01:00:00,"5' 11""",180.34,200.0,90.7184,22,17,0,London,ON,R,EDM
8474053,L. Couture,CAN,C,1989-03-28 01:00:00,"6' 1""",185.42,205.0,92.98636,28,0,0,Guelph,ON,L,SJS
8474056,P. Subban,CAN,D,1989-05-13 01:00:00,"6' 0""",182.88,210.0,95.25431999999999,1,0,0,Toronto,ON,R,NJD
8474062,R. Nash,CAN,C,1989-05-09 01:00:00,"6' 1""",185.42,200.0,90.7184,29,0,0,Consort,AB,R,CBJ
8474068,K. Turris,CAN,C,1989-08-14 01:00:00,"6' 1""",185.42,190.0,86.18248,18,0,0,New Westminster,BC,R,NSH
8474090,B. Smith,CAN,D,1989-02-08 00:00:00,"6' 2""",187.96,211.0,95.707912,3,0,0,Mimico,ON,L,NYR
8474091,B. Sutter,CAN,C,1989-02-14 00:00:00,"6' 3""",190.5,191.0,86.636072,23,0,0,Huntington,NY,R,VAN
8474098,C. Sceviour,CAN,C,1989-04-20 01:00:00,"6' 0""",182.88,195.0,88.45044,13,0,0,Red Deer,AB,R,FLA
8474102,D. Perron,CAN,LW,1988-05-28 01:00:00,"6' 0""",182.88,200.0,90.7184,19,0,0,Sherbrooke,QC,R,STL
8474125,C. Gunnarsson,SWE,D,1986-11-09 00:00:00,"6' 2""",187.96,198.0,89.811216,19,0,0,Orebro,,L,STL
8474134,Y. Weber,CHE,D,1988-09-23 01:00:00,"5' 11""",180.34,200.0,90.7184,18,0,0,Morges,,R,NSH
8474141,P. Kane,USA,RW,1988-11-19 00:00:00,"5' 11""",180.34,177.0,80.28578399999999,16,0,0,Buffalo,NY,L,CHI
8474145,R. Bortuzzo,CAN,D,1989-03-18 00:00:00,"6' 4""",193.04,216.0,97.975872,19,0,0,Thunder Bay,ON,R,STL
8474149,E. Dadonov,RUS,RW,1989-03-12 00:00:00,"5' 11""",180.34,185.0,83.91452,13,0,0,Chelyabinsk,,L,FLA
8474150,M. Backlund,SWE,C,1989-03-17 00:00:00,"6' 1""",185.42,199.0,90.264808,20,0,0,Vasteras,,L,CGY
8474151,R. McDonagh,USA,D,1989-06-13 01:00:00,"6' 1""",185.42,215.0,97.52228,14,0,0,St. Paul,MN,L,TBL
8474157,M. Pacioretty,USA,LW,1988-11-20 00:00:00,"6' 2""",187.96,206.0,93.439952,54,0,0,New Canaan,CT,L,VGK
8474161,J. Voracek,CZE,RW,1989-08-15 01:00:00,"6' 2""",187.96,214.0,97.068688,4,0,0,Kladno,,L,PHI
8474162,J. Muzzin,CAN,D,1989-02-21 00:00:00,"6' 3""",190.5,216.0,97.975872,10,0,0,Woodstock,ON,L,TOR
8474166,A. Martinez,USA,D,1987-07-26 01:00:00,"6' 1""",185.42,212.0,96.161504,26,54,0,Rochester Hills,MI,L,LAK
8474176,C. Hagelin,SWE,LW,1988-08-23 01:00:00,"5' 11""",180.34,186.0,84.368112,15,0,0,Sodertalje,,L,WSH
8474189,L. Eller,DNK,C,1989-05-08 01:00:00,"6' 2""",187.96,207.0,93.893544,15,0,0,Rodovre,,L,WSH
8474190,W. Simmonds,CAN,RW,1988-08-26 01:00:00,"6' 2""",187.96,185.0,83.91452,1,7,0,Scarborough,ON,R,NJD
8474207,N. Holden,CAN,D,1987-05-15 01:00:00,"6' 4""",193.04,214.0,97.068688,54,0,0,St. Albert,AB,L,VGK
8474218,J. Demers,CAN,D,1988-06-09 01:00:00,"6' 1""",185.42,195.0,88.45044,53,0,0,Dorval,QC,R,ARI
8474230,M. Haley,CAN,C,1986-03-30 00:00:00,"5' 11""",180.34,205.0,92.98636,3,0,0,Guelph,ON,L,NYR
8474250,Z. Smith,CAN,LW,1988-04-05 01:00:00,"6' 2""",187.96,208.0,94.347136,16,0,0,Maple Creek,SK,L,CHI
8474291,J. Beagle,CAN,C,1985-10-16 01:00:00,"6' 3""",190.5,218.0,98.883056,23,0,0,Calgary,AB,R,VAN
8474563,D. Doughty,CAN,D,1989-12-08 00:00:00,"6' 1""",185.42,195.0,88.45044,26,0,0,London,ON,R,LAK
8474564,S. Stamkos,CAN,C,1990-02-07 00:00:00,"6' 1""",185.42,194.0,87.996848,14,0,0,Markham,ON,R,TBL
8474565,A. Pietrangelo,CAN,D,1990-01-18 00:00:00,"6' 3""",190.5,210.0,95.25431999999999,19,0,0,King City,ON,R,STL
8474567,Z. Bogosian,USA,D,1990-07-15 01:00:00,"6' 3""",190.5,221.0,100.243832,14,0,0,Massena,NY,R,TBL
8474568,L. Schenn,CAN,D,1989-11-02 00:00:00,"6' 2""",187.96,229.0,103.872568,14,0,0,Saskatoon,SK,R,TBL
8474571,M. Boedker,DNK,LW,1989-12-16 00:00:00,"6' 0""",182.88,210.0,95.25431999999999,9,0,0,Brondby,,L,OTT
8474573,J. Bailey,CAN,RW,1989-10-02 01:00:00,"6' 1""",185.42,203.0,92.079176,2,0,0,Bowmanville,ON,L,NYI
8474574,T. Myers,CAN,D,1990-02-01 00:00:00,"6' 8""",203.2,229.0,103.872568,23,0,0,Houston,TX,R,VAN
8474578,E. Karlsson,SWE,D,1990-05-31 01:00:00,"6' 0""",182.88,191.0,86.636072,28,0,0,Landsbro,,R,SJS
8474579,L. Sbisa,CHE,D,1990-01-30 00:00:00,"6' 2""",187.96,209.0,94.80072799999999,52,0,0,Ozieri,,L,WPG
8474581,J. Gardiner,USA,D,1990-07-04 01:00:00,"6' 2""",187.96,200.0,90.7184,12,0,0,Minnetonka,MN,L,CAR
8474584,M. Del Zotto,CAN,D,1990-06-24 01:00:00,"6' 0""",182.88,195.0,88.45044,24,0,0,Stouffville,ON,L,ANA
8474586,J. Eberle,CAN,C,1990-05-15 01:00:00,"5' 11""",180.34,187.0,84.821704,2,0,0,Regina,SK,R,NYI
8474589,T. Ennis,CAN,LW,1989-10-06 01:00:00,"5' 9""",175.26,161.0,73.028312,9,0,0,Edmonton,AB,L,OTT
8474590,J. Carlson,USA,D,1990-01-10 00:00:00,"6' 3""",190.5,218.0,98.883056,15,0,0,Natick,MA,R,WSH
8474597,C. Goloubef,CAN,D,1989-11-30 00:00:00,"6' 1""",185.42,200.0,90.7184,9,0,0,Mississauga,ON,R,OTT
8474600,R. Josi,CHE,D,1990-06-01 01:00:00,"6' 1""",185.42,201.0,91.171992,18,0,0,Bern,,L,NSH
8474602,J. Schultz,CAN,D,1990-07-06 01:00:00,"6' 2""",187.96,193.0,87.543256,5,0,0,Kelowna,BC,R,PIT
8474604,A. Ness,USA,D,1990-05-18 01:00:00,"5' 10""",177.8,184.0,83.460928,53,0,0,Roseau,MN,L,ARI
8474612,T. Hamonic,CAN,D,1990-08-16 01:00:00,"6' 2""",187.96,205.0,92.98636,20,0,0,St. Malo,MB,R,CGY
8474613,D. Stepan,USA,C,1990-06-18 01:00:00,"6' 0""",182.88,196.0,88.904032,53,0,0,Hastings,MN,R,ARI
8474618,M. Scandella,CAN,D,1990-02-23 00:00:00,"6' 3""",190.5,208.0,94.347136,7,8,0,Montreal,QC,L,BUF
8474628,M. Stone,CAN,D,1990-06-07 01:00:00,"6' 3""",190.5,210.0,95.25431999999999,20,0,0,Winnipeg,MB,R,CGY
8474641,A. Henrique,CAN,C,1990-02-06 00:00:00,"6' 0""",182.88,195.0,88.45044,24,0,0,Brantford,ON,L,ANA
8474668,D. Weise,CAN,RW,1988-08-05 01:00:00,"6' 2""",187.96,206.0,93.439952,8,0,0,Winnipeg,MB,R,MTL
8474673,T. Brodie,CAN,D,1990-06-07 01:00:00,"6' 1""",185.42,182.0,82.553744,20,0,0,Chatham,ON,L,CGY
8474679,G. Nyquist,SWE,RW,1989-09-01 01:00:00,"5' 11""",180.34,184.0,83.460928,29,0,0,Halmstad,,L,CBJ
8474683,D. Grant,CAN,C,1990-04-20 01:00:00,"6' 3""",190.5,215.0,97.52228,24,4,0,Abbotsford,BC,L,ANA
8474685,M. Calvert,CAN,LW,1989-12-24 00:00:00,"5' 11""",180.34,186.0,84.368112,21,0,0,Brandon,MB,L,COL
8474688,G. Pateryn,USA,D,1990-06-20 01:00:00,"6' 3""",190.5,224.0,101.604608,30,0,0,Sterling Heights,MI,R,MIN
8474697,M. Borowiecki,CAN,D,1989-07-12 01:00:00,"6' 1""",185.42,207.0,93.893544,9,0,0,Ottawa,ON,L,OTT
8474709,M. Martin,CAN,LW,1989-05-08 01:00:00,"6' 3""",190.5,220.0,99.79024,2,0,0,Windsor,ON,L,NYI
8474715,C. Atkinson,USA,RW,1989-06-05 01:00:00,"5' 8""",172.72,179.0,81.192968,29,0,0,Riverside,CT,R,CBJ
8474716,J. Spurgeon,CAN,D,1989-11-29 00:00:00,"5' 9""",175.26,168.0,76.203456,30,0,0,Edmonton,AB,R,MIN
8474717,M. Barberio,CAN,D,1990-03-23 00:00:00,"6' 1""",185.42,207.0,93.893544,21,0,0,Montreal,QC,L,COL
8474722,L. Witkowski,USA,RW,1990-04-14 01:00:00,"6' 2""",187.96,210.0,95.25431999999999,14,0,0,Holland,MI,R,TBL
8474818,J. Benn,CAN,D,1987-07-26 01:00:00,"6' 2""",187.96,198.0,89.811216,23,0,0,Victoria,BC,L,VAN
8474849,A. Roussel,FRA,LW,1989-11-21 00:00:00,"5' 11""",180.34,195.0,88.45044,23,0,0,Roubaix,,L,VAN
8474870,T. Johnson,USA,C,1990-07-29 01:00:00,"5' 8""",172.72,183.0,83.007336,14,0,0,Spokane,WA,R,TBL
8474884,M. Hoffman,CAN,LW,1989-11-24 00:00:00,"6' 0""",182.88,181.0,82.100152,13,0,0,Kitchener,ON,L,FLA
8475098,T. Bozak,CAN,C,1986-03-19 00:00:00,"6' 1""",185.42,195.0,88.45044,19,0,0,Regina,SK,R,STL
8475149,M. Johansson,SWE,LW,1990-10-06 01:00:00,"6' 1""",185.42,205.0,92.98636,7,0,0,Landskrona,,L,BUF
8475151,K. Palmieri,USA,RW,1991-02-01 00:00:00,"5' 11""",180.34,185.0,83.91452,1,0,0,Smithtown,NY,R,NJD
8475158,R. O'Reilly,CAN,C,1991-02-07 00:00:00,"6' 1""",185.42,216.0,97.975872,19,0,0,Clinton,ON,L,STL
8475160,K. Clifford,CAN,LW,1991-01-13 00:00:00,"6' 2""",187.96,211.0,95.707912,26,10,0,Ayr,ON,L,LAK
8475163,A. Chiasson,CAN,RW,1990-10-01 01:00:00,"6' 4""",193.04,208.0,94.347136,22,0,0,Montreal,QC,R,EDM
8475164,J. Silfverberg,SWE,RW,1990-10-13 01:00:00,"6' 2""",187.96,202.0,91.625584,24,0,0,Gävle,,R,ANA
8475166,J. Tavares,CAN,C,1990-09-20 01:00:00,"6' 1""",185.42,208.0,94.347136,10,0,0,Mississauga,ON,L,TOR
8475167,V. Hedman,SWE,D,1990-12-18 00:00:00,"6' 6""",198.12,223.0,101.151016,14,0,0,Ornskoldsvik,,L,TBL
8475168,M. Duchene,CAN,C,1991-01-16 00:00:00,"5' 11""",180.34,195.0,88.45044,18,0,0,Haliburton,ON,L,NSH
8475169,E. Kane,CAN,LW,1991-08-02 01:00:00,"6' 2""",187.96,212.0,96.161504,28,0,0,Vancouver,BC,L,SJS
8475170,B. Schenn,CAN,C,1991-08-22 01:00:00,"6' 1""",185.42,200.0,90.7184,19,0,0,Saskatoon,SK,L,STL
8475171,O. Ekman-Larsson,SWE,D,1991-07-17 01:00:00,"6' 2""",187.96,200.0,90.7184,53,0,0,Karlskrona,,L,ARI
8475172,N. Kadri,CAN,C,1990-10-06 01:00:00,"6' 0""",182.88,195.0,88.45044,21,0,0,London,ON,L,COL
8475176,R. Ellis,CAN,D,1991-01-03 00:00:00,"5' 10""",177.8,180.0,81.64656,18,0,0,Hamilton,ON,R,NSH
8475177,C. de Haan,CAN,D,1991-05-09 01:00:00,"6' 1""",185.42,198.0,89.811216,16,0,0,Carp,ON,L,CHI
8475178,Z. Kassian,CAN,RW,1991-01-24 00:00:00,"6' 3""",190.5,209.0,94.80072799999999,22,0,0,Windsor,ON,R,EDM
8475179,D. Kulikov,RUS,D,1990-10-29 00:00:00,"6' 1""",185.42,204.0,92.532768,52,0,0,Lipetsk,,L,WPG
8475181,N. Leddy,USA,D,1991-03-20 00:00:00,"6' 0""",182.88,204.0,92.532768,2,0,0,Eden Prairie,MN,L,NYI
8475184,C. Kreider,USA,LW,1991-04-30 01:00:00,"6' 3""",190.5,224.0,101.604608,3,0,0,Boxford,MA,L,NYR
8475186,J. Moore,USA,D,1990-11-19 00:00:00,"6' 2""",187.96,210.0,95.25431999999999,6,0,0,Winnetka,IL,L,BOS
8475188,B. McNabb,CAN,D,1991-01-21 00:00:00,"6' 4""",193.04,212.0,96.161504,54,0,0,Davidson,SK,L,VGK
8475191,R. Smith,CAN,RW,1991-04-01 01:00:00,"6' 0""",182.88,185.0,83.91452,54,0,0,Toronto,ON,L,VGK
8475193,T. Tatar,SVK,LW,1990-12-01 00:00:00,"5' 10""",177.8,185.0,83.91452,8,0,0,Ilava,,L,MTL
8475197,T. Barrie,CAN,D,1991-07-26 01:00:00,"5' 10""",177.8,190.0,86.18248,10,0,0,Victoria,BC,R,TOR
8475200,D. Orlov,RUS,D,1991-07-23 01:00:00,"5' 11""",180.34,212.0,96.161504,15,0,0,Novokuznetsk,,L,WSH
8475204,B. Pirri,CAN,RW,1991-04-10 01:00:00,"6' 0""",182.88,186.0,84.368112,54,0,0,Toronto,ON,L,VGK
8475208,B. Dumoulin,USA,D,1991-09-06 01:00:00,"6' 4""",193.04,207.0,93.893544,5,0,0,Biddeford,ME,L,PIT
8475209,R. Panik,SVK,RW,1991-02-07 00:00:00,"6' 1""",185.42,208.0,94.347136,15,0,0,Martin,,L,WSH
8475218,M. Ekholm,SWE,D,1990-05-24 01:00:00,"6' 4""",193.04,215.0,97.52228,18,0,0,Borlange,,L,NSH
8475220,M. Foligno,CAN,LW,1991-08-10 01:00:00,"6' 3""",190.5,232.0,105.233344,30,0,0,Buffalo,NY,L,MIN
8475222,S. Vatanen,FIN,D,1991-06-03 01:00:00,"5' 10""",177.8,185.0,83.91452,1,0,0,Jyväskylä,,R,NJD
8475225,C. Smith,USA,RW,1989-09-05 01:00:00,"6' 1""",185.42,208.0,94.347136,18,0,0,Madison,WI,R,NSH
8475231,C. Cizikas,CAN,C,1991-02-27 00:00:00,"5' 11""",180.34,200.0,90.7184,2,0,0,Toronto,ON,L,NYI
8475233,D. Savard,CAN,D,1990-10-22 01:00:00,"6' 2""",187.96,227.0,102.965384,29,0,0,St. Hyacinthe,QC,R,CBJ
8475235,N. Deslauriers,CAN,LW,1991-02-22 00:00:00,"6' 1""",185.42,215.0,97.52228,24,0,0,LaSalle,QC,L,ANA
8475236,C. Eakin,CAN,C,1991-05-24 01:00:00,"6' 0""",182.88,190.0,86.18248,54,52,0,Winnipeg,MB,L,VGK
8475254,G. Dumont,CAN,C,1990-10-06 01:00:00,"5' 10""",177.8,190.0,86.18248,30,0,0,Ville Degelis,QC,R,MIN
8475268,G. Bourque,CAN,LW,1990-09-23 01:00:00,"5' 10""",177.8,206.0,93.439952,52,0,0,Rimouski,QC,L,WPG
8475279,B. Chiarot,CAN,D,1991-05-09 01:00:00,"6' 3""",190.5,219.0,99.336648,8,0,0,Hamilton,ON,L,MTL
8475287,E. Haula,FIN,LW,1991-03-23 00:00:00,"6' 0""",182.88,193.0,87.543256,12,13,0,Pori,,L,CAR
8475314,A. Lee,USA,LW,1990-07-03 01:00:00,"6' 3""",190.5,231.0,104.779752,2,0,0,Edina,MN,L,NYI
8475324,N. Jensen,USA,D,1990-09-21 01:00:00,"6' 0""",182.88,194.0,87.996848,15,0,0,St. Paul,MN,R,WSH
8475343,N. Dowd,USA,C,1990-05-27 01:00:00,"6' 2""",187.96,197.0,89.357624,15,0,0,Huntsville,AL,R,WSH
8475413,J. Dowling,CAN,C,1990-10-01 01:00:00,"5' 10""",177.8,185.0,83.91452,25,0,0,Calgary,AB,L,DAL
8475430,B. Manning,CAN,D,1990-06-04 01:00:00,"6' 1""",185.42,205.0,92.98636,22,0,0,Prince George,BC,L,EDM
8475455,B. Dillon,CAN,D,1990-11-13 00:00:00,"6' 4""",193.04,225.0,102.0582,28,15,0,New Westminster,BC,L,SJS
8475461,A. Agozzino,CAN,LW,1991-01-03 00:00:00,"5' 10""",177.8,187.0,84.821704,5,0,0,Kleinburg,ON,L,PIT
8475462,R. Gudas,CZE,D,1990-06-05 01:00:00,"6' 0""",182.88,204.0,92.532768,15,0,0,Prague,,R,WSH
8475625,M. Irwin,CAN,D,1987-11-29 00:00:00,"6' 1""",185.42,207.0,93.893544,18,0,0,Victoria,BC,L,NSH
8475690,C. Tanev,CAN,D,1989-12-20 00:00:00,"6' 2""",187.96,195.0,88.45044,23,0,0,Toronto,ON,R,VAN
8475692,M. Zuccarello,NOR,RW,1987-09-01 01:00:00,"5' 8""",172.72,179.0,81.192968,30,0,0,Oslo,,L,MIN
8475714,C. Jarnkrok,SWE,C,1991-09-25 01:00:00,"5' 11""",180.34,186.0,84.368112,18,0,0,Gävle,,R,NSH
8475716,M. Marincin,SVK,D,1992-02-18 00:00:00,"6' 4""",193.04,210.0,95.25431999999999,10,0,0,Kosice,,L,TOR
8475718,J. Holl,USA,D,1992-01-30 00:00:00,"6' 3""",190.5,205.0,92.98636,10,0,0,Tonka Bay,MN,R,TOR
8475722,J. Zucker,USA,LW,1992-01-16 00:00:00,"5' 11""",180.34,187.0,84.821704,30,5,0,Newport Beach,CA,L,MIN
8475726,T. Toffoli,CAN,C,1992-04-24 01:00:00,"6' 0""",182.88,201.0,91.171992,26,23,0,Scarborough,ON,R,LAK
8475728,J. Larsson,SWE,C,1992-07-25 01:00:00,"5' 11""",180.34,198.0,89.811216,7,0,0,Lau,,L,BUF
8475735,G. McKegg,CAN,C,1992-06-17 01:00:00,"6' 0""",182.88,191.0,86.636072,3,0,0,St. Thomas,ON,L,NYR
8475738,J. Weal,CAN,C,1992-04-15 01:00:00,"5' 10""",177.8,179.0,81.192968,8,0,0,North Vancouver,BC,R,MTL
8475744,E. Kuznetsov,RUS,C,1992-05-19 01:00:00,"6' 2""",187.96,204.0,92.532768,15,0,0,Chelyabinsk,,L,WSH
8475745,C. Coyle,USA,C,1992-03-02 00:00:00,"6' 3""",190.5,221.0,100.243832,6,0,0,E. Weymouth,MA,R,BOS
8475747,P. Nemeth,SWE,D,1992-02-08 00:00:00,"6' 3""",190.5,219.0,99.336648,17,0,0,Stockholm,,L,DET
8475750,J. Merrill,USA,D,1992-02-03 00:00:00,"6' 3""",190.5,205.0,92.98636,54,0,0,Oklahoma City,OK,L,VGK
8475752,T. Pitlick,USA,C,1991-11-01 00:00:00,"6' 2""",187.96,200.0,90.7184,4,0,0,Minneapolis,MN,R,PHI
8475753,J. Faulk,USA,D,1992-03-20 00:00:00,"6' 0""",182.88,215.0,97.52228,19,0,0,South St.Paul,MN,R,STL
8475754,B. Nelson,USA,C,1991-10-15 01:00:00,"6' 3""",190.5,212.0,96.161504,2,0,0,Warroad,MN,L,NYI
8475760,N. Bjugstad,USA,C,1992-07-17 01:00:00,"6' 6""",198.12,218.0,98.883056,5,0,0,Minneapolis,MN,R,PIT
8475762,D. Forbort,USA,D,1992-03-04 00:00:00,"6' 4""",193.04,215.0,97.52228,26,20,0,Duluth,MN,L,LAK
8475763,K. Hayes,USA,C,1992-05-08 01:00:00,"6' 5""",195.58,217.0,98.429464,4,0,0,Dorchester,MA,L,PHI
8475764,C. Fowler,USA,D,1991-12-05 00:00:00,"6' 1""",185.42,215.0,97.52228,24,0,0,Windsor,ON,L,ANA
8475765,V. Tarasenko,RUS,RW,1991-12-13 00:00:00,"6' 0""",182.88,225.0,102.0582,19,0,0,Yaroslavl,,L,STL
8475766,A. Watson,USA,LW,1992-01-13 00:00:00,"6' 4""",193.04,204.0,92.532768,18,0,0,Ann Arbor,MI,R,NSH
8475768,J. Schwartz,CAN,LW,1992-06-25 01:00:00,"5' 10""",177.8,190.0,86.18248,19,0,0,Wilcox,SK,L,STL
8475772,R. Sheahan,CAN,C,1991-12-07 00:00:00,"6' 3""",190.5,214.0,97.068688,22,0,0,St. Catharines,ON,L,EDM
8475780,C. Wagner,USA,RW,1991-05-27 01:00:00,"6' 0""",182.88,198.0,89.811216,6,0,0,Walpole,MA,R,BOS
8475784,J. Skinner,CAN,LW,1992-05-16 01:00:00,"5' 11""",180.34,200.0,90.7184,7,0,0,Toronto,ON,L,BUF
8475786,Z. Hyman,CAN,C,1992-06-09 01:00:00,"6' 1""",185.42,213.0,96.615096,10,0,0,Toronto,ON,R,TOR
8475790,E. Gudbranson,CAN,D,1992-01-07 00:00:00,"6' 5""",195.58,220.0,99.79024,5,24,0,Ottawa,ON,R,PIT
8475791,T. Hall,CAN,LW,1991-11-14 00:00:00,"6' 1""",185.42,205.0,92.98636,1,53,0,Calgary,AB,L,NJD
8475792,B. Connolly,CAN,RW,1992-05-02 01:00:00,"6' 3""",190.5,195.0,88.45044,13,0,0,Campbell River,BC,R,FLA
8475793,R. Johansen,CAN,C,1992-07-31 01:00:00,"6' 3""",190.5,218.0,98.883056,18,0,0,Vancouver,BC,R,NSH
8475794,T. Seguin,CAN,C,1992-01-31 00:00:00,"6' 1""",185.42,201.0,91.171992,25,0,0,Brampton,ON,R,DAL
8475795,D. McIlrath,CAN,D,1992-04-20 01:00:00,"6' 5""",195.58,236.0,107.047712,17,0,0,Winnipeg,MB,R,DET
8475796,M. Pysyk,CAN,D,1992-01-11 00:00:00,"6' 1""",185.42,200.0,90.7184,13,0,0,Sherwood Park,AB,R,FLA
8475797,J. Tinordi,USA,D,1992-02-20 00:00:00,"6' 6""",198.12,230.0,104.32616,18,0,0,Burnsville,MN,L,NSH
8475798,M. Granlund,FIN,RW,1992-02-26 00:00:00,"5' 10""",177.8,185.0,83.91452,18,0,0,Oulu,,L,NSH
8475799,N. Niederreiter,CHE,RW,1992-09-08 01:00:00,"6' 2""",187.96,216.0,97.975872,12,0,0,Chur,,L,CAR
8475807,J. Nordstrom,SWE,LW,1992-02-25 00:00:00,"6' 1""",185.42,189.0,85.728888,6,0,0,Stockholm,,L,BOS
8475808,M. Chaput,CAN,C,1992-04-09 01:00:00,"6' 2""",187.96,204.0,92.532768,53,0,0,Ile Bizard,QC,L,ARI
8475810,B. Rust,USA,RW,1992-05-11 01:00:00,"5' 11""",180.34,192.0,87.089664,5,0,0,Pontiac,MI,R,PIT
8475820,J. Donskoi,FIN,RW,1992-04-13 01:00:00,"6' 0""",182.88,190.0,86.18248,21,0,0,Raahe,,R,COL
8475832,T. Kuhnhackl,DEU,RW,1992-01-21 00:00:00,"6' 2""",187.96,196.0,88.904032,2,0,0,Landshut,,L,NYI
8475834,M. Sorensen,SWE,LW,1992-04-07 01:00:00,"5' 11""",180.34,175.0,79.3786,28,0,0,Sodertalje,,L,SJS
8475841,T. Heed,SWE,D,1991-01-27 00:00:00,"6' 0""",182.88,185.0,83.91452,28,0,0,Gothenburg,,R,SJS
8475848,B. Gallagher,CAN,RW,1992-05-06 01:00:00,"5' 9""",175.26,181.0,82.100152,8,0,0,Edmonton,AB,R,MTL
8475855,J. Fast,SWE,RW,1991-12-02 00:00:00,"6' 0""",182.88,191.0,86.636072,3,0,0,Nassjo,,R,NYR
8475868,A. Bitetto,USA,D,1990-07-15 01:00:00,"6' 1""",185.42,210.0,95.25431999999999,52,0,0,Island Park,NY,L,WPG
8475869,B. Davidson,CAN,D,1991-08-21 01:00:00,"6' 2""",187.96,208.0,94.347136,28,0,0,Taber,AB,L,SJS
8475902,Z. Trotman,USA,D,1990-08-26 01:00:00,"6' 3""",190.5,217.0,98.429464,5,0,0,Carmel,IN,R,PIT
8475907,M. Ferland,CAN,LW,1992-04-20 01:00:00,"6' 2""",187.96,208.0,94.347136,23,0,0,Swan River,MB,L,VAN
8475913,M. Stone,CAN,RW,1992-05-13 01:00:00,"6' 4""",193.04,219.0,99.336648,54,0,0,Winnipeg,MB,R,VGK
8476043,B. Street,CAN,C,1987-02-13 00:00:00,"5' 11""",180.34,200.0,90.7184,1,0,0,Coquitlam,BC,L,NJD
8476166,T. Fedun,CAN,D,1988-06-04 01:00:00,"6' 1""",185.42,201.0,91.171992,25,0,0,Edmonton,AB,R,DAL
8476207,B. Gibbons,USA,LW,1988-02-26 00:00:00,"5' 8""",172.72,175.0,79.3786,12,0,0,Braintree,MA,L,CAR
8476278,C. Blackwell,USA,C,1993-03-28 00:00:00,"5' 9""",175.26,190.0,86.18248,18,0,0,Lawrence,MA,R,NSH
8476285,M. Peca,CAN,C,1993-04-27 01:00:00,"5' 8""",172.72,178.0,80.739376,9,0,0,Petawawa,ON,L,OTT
8476288,R. Dzingel,USA,LW,1992-03-09 00:00:00,"6' 0""",182.88,190.0,86.18248,12,0,0,Wheaton,IL,L,CAR
8476292,O. Palat,CZE,LW,1991-03-28 00:00:00,"6' 0""",182.88,188.0,85.275296,14,0,0,Frydek-Mistek,,L,TBL
8476312,J. Manson,CAN,D,1991-10-07 01:00:00,"6' 3""",190.5,213.0,96.615096,24,0,0,Hinsdale,IL,R,ANA
8476326,J. Archibald,CAN,RW,1992-10-06 01:00:00,"5' 10""",177.8,176.0,79.83219199999999,22,0,0,Regina,SK,R,EDM
8476329,T. Boyd,USA,C,1993-09-14 01:00:00,"5' 11""",180.34,185.0,83.91452,15,0,0,Hopkins,MN,L,WSH
8476331,D. DeMelo,CAN,D,1993-05-01 01:00:00,"6' 1""",185.42,195.0,88.45044,9,52,0,London,ON,R,OTT
8476344,T. Graovac,CAN,C,1993-04-27 01:00:00,"6' 5""",195.58,208.0,94.347136,23,0,0,Brampton,ON,L,VAN
8476346,J. Gaudreau,USA,LW,1993-08-13 01:00:00,"5' 9""",175.26,157.0,71.213944,20,0,0,Salem,NJ,L,CGY
8476356,T. Rieder,DEU,C,1993-01-10 00:00:00,"5' 11""",180.34,188.0,85.275296,20,0,0,Landshut,,L,CGY
8476374,S. Kuraly,USA,C,1993-01-20 00:00:00,"6' 2""",187.96,213.0,96.615096,6,0,0,Dublin,OH,L,BOS
8476381,A. Shaw,CAN,RW,1991-07-20 01:00:00,"5' 11""",180.34,182.0,82.553744,16,0,0,Belleville,ON,R,CHI
8476389,V. Trocheck,USA,C,1993-07-11 01:00:00,"5' 10""",177.8,182.0,82.553744,13,12,0,Pittsburgh,PA,R,FLA
8476391,T. Tynan,USA,C,1992-02-25 00:00:00,"5' 8""",172.72,165.0,74.84268,21,0,0,Orland Park,IL,R,COL
8476392,A. Lowry,USA,C,1993-03-29 01:00:00,"6' 5""",195.58,210.0,95.25431999999999,52,0,0,St. Louis,MO,L,WPG
8476393,N. Cousins,CAN,C,1993-07-20 01:00:00,"5' 11""",180.34,185.0,83.91452,8,54,0,Belleville,ON,L,MTL
8476399,B. Coleman,USA,C,1991-11-28 00:00:00,"5' 11""",180.34,200.0,90.7184,1,14,0,Plano,TX,L,NJD
8476400,L. Shaw,CAN,RW,1992-10-05 01:00:00,"6' 3""",190.5,208.0,94.347136,52,0,0,Glace Bay,NS,R,WPG
8476404,A. Andreoff,CAN,LW,1991-05-17 01:00:00,"6' 1""",185.42,210.0,95.25431999999999,4,0,0,Pickering,ON,L,PHI
8476406,N. Shore,USA,C,1992-09-26 01:00:00,"6' 1""",185.42,201.0,91.171992,10,52,0,Denver,CO,R,TOR
8476410,J. Leivo,CAN,LW,1993-05-26 01:00:00,"6' 2""",187.96,210.0,95.25431999999999,23,0,0,Innisfil,ON,R,VAN
8476419,J. Pageau,CAN,C,1992-11-11 00:00:00,"5' 10""",177.8,184.0,83.460928,9,2,0,Ottawa,ON,R,OTT
8476422,M. Reilly,USA,D,1993-07-13 01:00:00,"6' 2""",187.96,195.0,88.45044,8,9,0,Chicago,IL,L,MTL
8476428,R. Grimaldi,USA,C,1993-02-08 00:00:00,"5' 6""",167.64,180.0,81.64656,18,0,0,Anaheim,CA,R,NSH
8476429,S. Mayfield,USA,D,1992-10-14 01:00:00,"6' 4""",193.04,227.0,102.965384,2,0,0,St. Louis,MO,R,NYI
8476430,T. Jurco,SVK,LW,1992-12-28 00:00:00,"6' 2""",187.96,188.0,85.275296,22,0,0,Kosice,,L,EDM
8476432,B. Jenner,CAN,C,1993-06-15 01:00:00,"6' 2""",187.96,206.0,93.439952,29,0,0,Dorchester,ON,L,CBJ
8476437,V. Rask,SWE,C,1993-03-01 00:00:00,"6' 2""",187.96,200.0,90.7184,30,0,0,Leksand,,L,MIN
8476438,B. Saad,USA,LW,1992-10-27 00:00:00,"6' 1""",185.42,206.0,93.439952,16,0,0,Pittsburgh,PA,L,CHI
8476439,B. Ritchie,CAN,RW,1993-07-01 01:00:00,"6' 3""",190.5,217.0,98.429464,6,0,0,Orangeville,ON,R,BOS
8476440,M. Granlund,FIN,C,1993-04-16 01:00:00,"6' 0""",182.88,183.0,83.007336,22,0,0,Oulu,,L,EDM
8476441,J. Edmundson,CAN,D,1993-06-28 01:00:00,"6' 4""",193.04,215.0,97.52228,12,0,0,Brandon,MB,L,CAR
8476442,M. Nieto,USA,LW,1992-11-05 00:00:00,"5' 11""",180.34,190.0,86.18248,21,0,0,Long Beach,CA,L,COL
8476443,X. Ouellet,FRA,D,1993-07-29 01:00:00,"6' 1""",185.42,185.0,83.91452,8,0,0,Bayonne,,L,MTL
8476447,M. Salomaki,FIN,RW,1993-03-09 00:00:00,"5' 11""",180.34,203.0,92.079176,18,0,0,Raahe,,L,NSH
8476448,W. Karlsson,SWE,C,1993-01-08 00:00:00,"6' 1""",185.42,189.0,85.728888,54,0,0,Marsta,,L,VGK
8476449,S. Harrington,CAN,D,1993-03-10 00:00:00,"6' 2""",187.96,207.0,93.893544,29,0,0,Kingston,ON,L,CBJ
8476453,N. Kucherov,RUS,RW,1993-06-17 01:00:00,"5' 11""",180.34,178.0,80.739376,14,0,0,Maykop,,L,TBL
8476454,R. Nugent-Hopkins,CAN,C,1993-04-12 01:00:00,"6' 0""",182.88,191.0,86.636072,22,0,0,Burnaby,BC,L,EDM
8476455,G. Landeskog,SWE,LW,1992-11-23 00:00:00,"6' 1""",185.42,215.0,97.52228,21,0,0,Stockholm,,L,COL
8476456,J. Huberdeau,CAN,LW,1993-06-04 01:00:00,"6' 1""",185.42,188.0,85.275296,13,0,0,Saint-Jerome,QC,L,FLA
8476457,A. Larsson,SWE,D,1992-11-12 00:00:00,"6' 3""",190.5,210.0,95.25431999999999,22,0,0,Skellefteå,,R,EDM
8476458,R. Strome,CAN,C,1993-07-11 01:00:00,"6' 1""",185.42,194.0,87.996848,3,0,0,Mississauga,ON,R,NYR
8476459,M. Zibanejad,SWE,C,1993-04-18 01:00:00,"6' 2""",187.96,227.0,102.965384,3,0,0,Huddinge,,R,NYR
8476460,M. Scheifele,CAN,C,1993-03-15 00:00:00,"6' 3""",190.5,207.0,93.893544,52,0,0,Kitchener,ON,R,WPG
8476461,S. Couturier,CAN,C,1992-12-07 00:00:00,"6' 3""",190.5,211.0,95.707912,4,0,0,Phoenix,AZ,L,PHI
8476462,D. Hamilton,CAN,D,1993-06-17 01:00:00,"6' 6""",198.12,210.0,95.25431999999999,12,0,0,Toronto,ON,R,CAR
8476463,J. Brodin,SWE,D,1993-07-12 01:00:00,"6' 1""",185.42,194.0,87.996848,30,0,0,Karlstad,,L,MIN
8476466,S. Baertschi,CHE,LW,1992-10-05 01:00:00,"5' 11""",180.34,192.0,87.089664,23,0,0,Bern,,L,VAN
8476467,J. Oleksiak,CAN,D,1992-12-21 00:00:00,"6' 7""",200.66,255.0,115.66596,25,0,0,Toronto,ON,L,DAL
8476468,J. Miller,USA,C,1993-03-14 00:00:00,"6' 1""",185.42,218.0,98.883056,23,0,0,East Palestine,OH,L,VAN
8476469,J. Armia,FIN,RW,1993-05-31 01:00:00,"6' 3""",190.5,205.0,92.98636,8,0,0,Pori,,R,MTL
8476470,N. Beaulieu,CAN,D,1992-12-05 00:00:00,"6' 2""",187.96,200.0,90.7184,52,0,0,Strathroy,ON,L,WPG
8476472,O. Klefbom,SWE,D,1993-07-20 01:00:00,"6' 3""",190.5,215.0,97.52228,22,0,0,Karlstad,,L,EDM
8476473,C. Murphy,USA,D,1993-03-26 00:00:00,"6' 4""",193.04,212.0,96.161504,16,0,0,Dublin,OH,R,CHI
8476474,S. Noesen,USA,RW,1993-02-12 00:00:00,"6' 1""",185.42,205.0,92.98636,5,28,0,Plano,TX,R,PIT
8476479,P. Danault,CAN,C,1993-02-24 00:00:00,"6' 1""",185.42,195.0,88.45044,8,0,0,Victoriaville,QC,L,MTL
8476480,V. Namestnikov,RUS,C,1992-11-22 00:00:00,"5' 11""",180.34,180.0,81.64656,9,21,0,Zhukovskiy,,L,OTT
8476483,R. Rakell,SWE,C,1993-05-05 01:00:00,"6' 2""",187.96,198.0,89.811216,24,0,0,Sundbyberg,,R,ANA
8476525,C. Miller,CAN,D,1992-10-29 00:00:00,"6' 1""",185.42,196.0,88.904032,7,0,0,Sault Ste. Marie,ON,R,BUF
8476539,J. Marchessault,CAN,C,1990-12-27 00:00:00,"5' 9""",175.26,174.0,78.925008,54,0,0,Cap-Rouge,QC,R,VGK
8476624,B. Goodrow,CAN,RW,1993-02-26 00:00:00,"6' 2""",187.96,210.0,95.25431999999999,28,14,0,Toronto,ON,L,SJS
8476779,B. Hunt,CAN,D,1988-08-24 01:00:00,"5' 9""",175.26,187.0,84.821704,30,0,0,Maple Ridge,BC,L,MIN
8476792,T. Krug,USA,D,1991-04-12 01:00:00,"5' 9""",175.26,186.0,84.368112,6,0,0,Livonia,MI,L,BOS
8476807,M. Tennyson,USA,D,1990-04-23 01:00:00,"6' 2""",187.96,205.0,92.98636,1,0,0,Minneapolis,MN,R,NJD
8476822,L. Glendening,USA,RW,1989-04-28 01:00:00,"5' 11""",180.34,192.0,87.089664,17,0,0,Grand Rapids,MI,R,DET
8476826,Y. Gourde,CAN,C,1991-12-15 00:00:00,"5' 9""",175.26,172.0,78.017824,14,0,0,Saint-Narcisse,QC,L,TBL
8476850,R. Murray,CAN,D,1993-09-27 01:00:00,"6' 1""",185.42,205.0,92.98636,29,0,0,Regina,SK,L,CBJ
8476851,A. Galchenyuk,USA,LW,1994-02-12 00:00:00,"6' 1""",185.42,207.0,93.893544,5,30,0,Milwaukee,WI,L,PIT
8476853,M. Rielly,CAN,D,1994-03-09 00:00:00,"6' 1""",185.42,215.0,97.52228,10,0,0,Vancouver,BC,L,TOR
8476854,H. Lindholm,SWE,D,1994-01-20 00:00:00,"6' 3""",190.5,208.0,94.347136,24,0,0,Helsingborg,,L,ANA
8476856,M. Dumba,CAN,D,1994-07-25 01:00:00,"6' 0""",182.88,184.0,83.460928,30,0,0,Regina,SK,R,MIN
8476858,P. Di Giuseppe,CAN,LW,1993-10-09 01:00:00,"6' 0""",182.88,200.0,90.7184,3,0,0,Toronto,ON,L,NYR
8476869,B. Skjei,USA,D,1994-03-26 00:00:00,"6' 3""",190.5,211.0,95.707912,3,12,0,Lakeville,MN,L,NYR
8476871,T. Pearson,CAN,LW,1992-08-10 01:00:00,"6' 1""",185.42,204.0,92.532768,23,0,0,Kitchener,ON,L,VAN
8476872,S. Laughton,CAN,C,1994-05-30 01:00:00,"6' 1""",185.42,190.0,86.18248,4,0,0,Oakville,ON,L,PHI
8476873,M. Jankowski,CAN,C,1994-09-13 01:00:00,"6' 4""",193.04,202.0,91.625584,20,0,0,Hamilton,ON,L,CGY
8476874,O. Maatta,FIN,D,1994-08-22 01:00:00,"6' 2""",187.96,206.0,93.439952,16,0,0,Jyväskylä,,L,CHI
8476875,M. Matheson,CAN,D,1994-02-27 00:00:00,"6' 2""",187.96,192.0,87.089664,13,0,0,Pointe-Claire,QC,L,FLA
8476878,Z. Girgensons,LVA,C,1994-01-05 00:00:00,"6' 2""",187.96,207.0,93.893544,7,0,0,Riga,,L,BUF
8476879,C. Ceci,CAN,D,1993-12-21 00:00:00,"6' 2""",187.96,209.0,94.80072799999999,10,0,0,Ottawa,ON,R,TOR
8476880,T. Wilson,CAN,RW,1994-03-29 01:00:00,"6' 4""",193.04,218.0,98.883056,15,0,0,Toronto,ON,R,WSH
8476881,T. Hertl,CZE,C,1993-11-12 00:00:00,"6' 2""",187.96,220.0,99.79024,28,0,0,Praha,,L,SJS
8476882,T. Teravainen,FIN,LW,1994-09-11 01:00:00,"5' 11""",180.34,178.0,80.739376,12,0,0,Helsinki,,L,CAR
8476885,J. Trouba,USA,D,1994-02-26 00:00:00,"6' 3""",190.5,202.0,91.625584,3,0,0,Rochester,MI,R,NYR
8476886,S. Koekkoek,CAN,D,1994-02-18 00:00:00,"6' 2""",187.96,193.0,87.543256,16,0,0,Winchester,ON,L,CHI
8476887,F. Forsberg,SWE,LW,1994-08-13 01:00:00,"6' 1""",185.42,205.0,92.98636,18,0,0,Ostervala,,R,NSH
8476889,R. Faksa,CZE,C,1994-01-09 00:00:00,"6' 3""",190.5,216.0,97.975872,25,0,0,Vitkov,,L,DAL
8476891,M. Grzelcyk,USA,D,1994-01-05 00:00:00,"5' 9""",175.26,174.0,78.925008,6,0,0,Charlestown,MA,L,BOS
8476892,C. Parayko,CAN,D,1993-05-12 01:00:00,"6' 6""",198.12,230.0,104.32616,19,0,0,St. Albert,AB,R,STL
8476894,B. Leipsic,CAN,LW,1994-05-19 01:00:00,"5' 10""",177.8,180.0,81.64656,15,0,0,Winnipeg,MB,L,WSH
8476897,O. Sundqvist,SWE,C,1994-03-23 00:00:00,"6' 3""",190.5,209.0,94.80072799999999,19,0,0,Boden,,R,STL
8476902,E. Lindell,FIN,D,1994-05-23 01:00:00,"6' 3""",190.5,213.0,96.615096,25,0,0,Vantaa,,L,DAL
8476905,C. Stephenson,CAN,C,1994-04-22 01:00:00,"6' 0""",182.88,203.0,92.079176,15,54,0,Saskatoon,SK,L,WSH
8476906,S. Gostisbehere,USA,D,1993-04-20 01:00:00,"5' 11""",180.34,180.0,81.64656,4,0,0,Pembroke Pines,FL,L,PHI
8476907,M. MacEachern,USA,LW,1994-03-09 00:00:00,"6' 2""",187.96,190.0,86.18248,19,0,0,Bloomfield Hills,MI,L,STL
8476913,D. Shore,CAN,C,1994-07-19 01:00:00,"6' 0""",182.88,205.0,92.98636,24,0,0,Ajax,ON,L,ANA
8476915,J. Khaira,CAN,LW,1994-08-13 01:00:00,"6' 4""",193.04,214.0,97.068688,22,0,0,Surrey,BC,L,EDM
8476917,A. Pelech,CAN,D,1994-08-16 01:00:00,"6' 3""",190.5,217.0,98.429464,2,0,0,Toronto,ON,L,NYI
8476918,J. Vesey,USA,LW,1993-05-26 01:00:00,"6' 3""",190.5,206.0,93.439952,7,0,0,Boston,MA,L,BUF
8476919,C. Tierney,CAN,C,1994-07-01 01:00:00,"6' 1""",185.42,195.0,88.45044,9,0,0,Keswick,ON,L,OTT
8476921,J. Martinook,CAN,LW,1992-07-25 01:00:00,"6' 0""",182.88,204.0,92.532768,12,0,0,Brandon,MB,L,CAR
8476922,B. Nieves,USA,C,1994-01-23 00:00:00,"6' 3""",190.5,212.0,96.161504,3,0,0,Syracuse,NY,L,NYR
8476923,D. Severson,CAN,D,1994-08-07 01:00:00,"6' 2""",187.96,205.0,92.98636,1,0,0,Melville,SK,R,NJD
8476924,M. Frk,CZE,RW,1993-10-05 01:00:00,"6' 1""",185.42,205.0,92.98636,26,0,0,Pelhrimov,,R,LAK
8476925,C. Sissons,CAN,C,1993-11-05 00:00:00,"6' 1""",185.42,200.0,90.7184,18,0,0,North Vancouver,BC,R,NSH
8476927,T. Blueger,LVA,C,1994-08-15 01:00:00,"6' 0""",182.88,185.0,83.91452,5,0,0,Riga,,L,PIT
8476931,J. McCabe,USA,D,1993-10-12 01:00:00,"6' 1""",185.42,210.0,95.25431999999999,7,0,0,Eau Claire,WI,L,BUF
8476934,B. McGinn,CAN,LW,1994-02-02 00:00:00,"6' 0""",182.88,185.0,83.91452,12,0,0,Fergus,ON,L,CAR
8476947,N. Prokhorkin,RUS,LW,1993-09-17 01:00:00,"6' 3""",190.5,190.0,86.18248,26,0,0,Chelyabinsk,,L,LAK
8476948,C. Hudon,CAN,LW,1994-06-23 01:00:00,"5' 10""",177.8,188.0,85.275296,8,0,0,Alma,QC,L,MTL
8476952,D. Toninato,USA,C,1994-03-09 00:00:00,"6' 2""",187.96,200.0,90.7184,13,0,0,Duluth,MN,L,FLA
8476958,J. Slavin,USA,D,1994-05-01 01:00:00,"6' 3""",190.5,205.0,92.98636,12,0,0,Denver,CO,L,CAR
8476960,A. Athanasiou,CAN,LW,1994-08-06 01:00:00,"6' 2""",187.96,188.0,85.275296,17,0,0,London,ON,L,DET
8476966,G. Smith,CAN,C,1994-04-16 01:00:00,"5' 10""",177.8,190.0,86.18248,14,0,0,Toronto,ON,L,TBL
8476967,B. Kulak,CAN,D,1994-01-06 00:00:00,"6' 2""",187.96,187.0,84.821704,8,0,0,Edmonton,AB,L,MTL
8476974,T. Di Pauli,USA,C,1994-04-29 01:00:00,"5' 11""",180.34,188.0,85.275296,5,0,0,Woodbridge,IL,L,PIT
8476975,C. Paquette,CAN,C,1993-08-13 01:00:00,"6' 1""",185.42,198.0,89.811216,14,0,0,Gaspe,QC,L,TBL
8476979,E. Gustafsson,SWE,D,1992-03-14 00:00:00,"6' 0""",182.88,176.0,79.83219199999999,16,20,0,Nynashamn,,L,CHI
8476981,J. Anderson,CAN,RW,1994-05-07 01:00:00,"6' 3""",190.5,221.0,100.243832,29,0,0,Burlington,ON,R,CBJ
8476987,J. Bischoff,USA,D,1994-07-25 01:00:00,"6' 1""",185.42,194.0,87.996848,54,0,0,Cambridge,MN,L,VGK
8476988,M. Benning,CAN,D,1994-05-25 01:00:00,"6' 1""",185.42,204.0,92.532768,22,0,0,Edmonton,AB,R,EDM
8476994,V. Hinostroza,USA,LW,1994-04-03 01:00:00,"5' 9""",175.26,173.0,78.471416,53,0,0,Chicago,IL,R,ARI
8477003,R. Barber,USA,RW,1994-02-07 00:00:00,"6' 0""",182.88,190.0,86.18248,8,0,0,Pittsburgh,PA,R,MTL
8477010,J. Blandisi,CAN,LW,1994-07-18 01:00:00,"6' 0""",182.88,200.0,90.7184,5,0,0,Markham,ON,L,PIT
8477015,C. Brown,CAN,RW,1994-01-14 00:00:00,"6' 0""",182.88,185.0,83.91452,9,0,0,Toronto,ON,R,OTT
8477018,B. Hutton,CAN,D,1993-04-20 01:00:00,"6' 2""",187.96,207.0,93.893544,26,0,0,Brockville,ON,L,LAK
8477021,A. Kerfoot,CAN,C,1994-08-11 01:00:00,"5' 10""",177.8,175.0,79.3786,10,0,0,Vancouver,BC,L,TOR
8477038,N. Gusev,RUS,LW,1992-07-08 01:00:00,"5' 9""",175.26,163.0,73.935496,1,0,0,Moscow,,R,NJD
8477046,J. Ryan,USA,D,1993-06-17 01:00:00,"5' 11""",180.34,185.0,83.91452,26,0,0,Rumson,NJ,L,LAK
8477073,K. MacDermid,CAN,D,1994-03-25 00:00:00,"6' 5""",195.58,233.0,105.686936,26,0,0,Sauble Beach,ON,L,LAK
8477149,S. Sabourin,CAN,RW,1992-07-30 01:00:00,"6' 3""",190.5,208.0,94.347136,9,0,0,Orleans,ON,R,OTT
8477213,T. Schaller,USA,C,1990-11-16 00:00:00,"6' 2""",187.96,210.0,95.25431999999999,23,0,0,Merrimack,NH,L,VAN
8477215,D. DeKeyser,USA,D,1990-03-07 00:00:00,"6' 3""",190.5,192.0,87.089664,17,0,0,Detroit,MI,L,DET
8477220,N. Schmidt,USA,D,1991-07-16 01:00:00,"6' 1""",185.42,194.0,87.996848,54,0,0,St. Cloud,MN,L,VGK
8477240,C. Rowney,CAN,RW,1989-05-10 01:00:00,"6' 2""",187.96,200.0,90.7184,24,0,0,Grand Prairie,AB,R,ANA
8477244,C. Ruhwedel,USA,D,1990-05-07 01:00:00,"5' 11""",180.34,191.0,86.636072,5,0,0,San Diego,CA,R,PIT
8477290,M. Raffl,AUT,LW,1988-12-01 00:00:00,"6' 0""",182.88,200.0,90.7184,4,0,0,Villach,,L,PHI
8477330,D. Kubalik,CZE,LW,1995-08-21 01:00:00,"6' 2""",187.96,179.0,81.192968,16,0,0,Plzen,,L,CHI
8477341,A. Johnsson,SWE,LW,1994-11-21 00:00:00,"5' 10""",177.8,180.0,81.64656,10,0,0,Gävle,,L,TOR
8477346,M. Weegar,CAN,D,1994-01-07 00:00:00,"6' 0""",182.88,212.0,96.161504,13,0,0,Ottawa,ON,R,FLA
8477353,T. Motte,USA,C,1995-03-10 00:00:00,"5' 10""",177.8,191.0,86.636072,23,0,0,St. Clair,MI,L,VAN
8477355,W. Butcher,USA,D,1995-01-06 00:00:00,"5' 10""",177.8,190.0,86.18248,1,0,0,Sun Prairie,WI,L,NJD
8477359,T. Poolman,USA,D,1993-06-08 01:00:00,"6' 2""",187.96,199.0,90.264808,52,0,0,Dubuque,IA,R,WPG
8477365,C. Clifton,USA,D,1995-04-28 01:00:00,"5' 11""",180.34,175.0,79.3786,6,0,0,Long Branch,NJ,R,BOS
8477369,C. Soucy,CAN,D,1994-07-27 01:00:00,"6' 5""",195.58,208.0,94.347136,30,0,0,Viking,AB,L,MIN
8477384,J. Brown,CAN,D,1994-01-21 00:00:00,"6' 5""",195.58,217.0,98.429464,13,0,0,London,ON,R,FLA
8477401,J. Hayden,USA,RW,1995-02-14 00:00:00,"6' 3""",190.5,223.0,101.151016,1,0,0,Chicago,IL,R,NJD
8477402,P. Buchnevich,RUS,RW,1995-04-17 01:00:00,"6' 2""",187.96,191.0,86.636072,3,0,0,Cherepovets,,L,NYR
8477404,J. Guentzel,USA,C,1994-10-06 01:00:00,"5' 11""",180.34,180.0,81.64656,5,0,0,Omaha,NE,L,PIT
8477407,A. Duclair,CAN,LW,1995-08-26 01:00:00,"5' 11""",180.34,191.0,86.636072,9,0,0,Pointe-Claire,QC,L,OTT
8477409,C. Verhaeghe,CAN,C,1995-08-14 01:00:00,"6' 1""",185.42,181.0,82.100152,14,0,0,Toronto,ON,L,TBL
8477416,O. Bjorkstrand,DNK,RW,1995-04-10 01:00:00,"6' 0""",182.88,177.0,80.28578399999999,29,0,0,Herning,,R,CBJ
8477425,M. Wood,USA,LW,1995-09-13 01:00:00,"6' 2""",187.96,195.0,88.45044,1,0,0,Buffalo,NY,L,NJD
8477426,N. Paul,CAN,LW,1995-03-20 00:00:00,"6' 4""",193.04,230.0,104.32616,9,0,0,Mississauga,ON,L,OTT
8477429,A. Copp,USA,C,1994-07-08 01:00:00,"6' 1""",185.42,206.0,93.439952,52,0,0,Ann Arbor,MI,L,WPG
8477435,R. Graves,CAN,D,1995-05-21 01:00:00,"6' 5""",195.58,226.0,102.511792,21,0,0,Yarmouth,NS,L,COL
8477444,A. Burakovsky,SWE,LW,1995-02-09 00:00:00,"6' 3""",190.5,201.0,91.171992,21,0,0,Klagenfurt,,L,COL
8477447,S. Theodore,CAN,D,1995-08-03 01:00:00,"6' 2""",187.96,195.0,88.45044,54,0,0,Langley,BC,L,VGK
8477450,J. Dickinson,CAN,C,1995-07-04 01:00:00,"6' 2""",187.96,205.0,92.98636,25,0,0,Georgetown,ON,L,DAL
8477451,R. Hartman,USA,RW,1994-09-20 01:00:00,"6' 0""",182.88,181.0,82.100152,30,0,0,Hilton Head Isl.,SC,R,MIN
8477454,A. Erne,USA,LW,1995-04-20 01:00:00,"6' 1""",185.42,214.0,97.068688,17,0,0,New Haven,CT,L,DET
8477455,J. de la Rose,SWE,LW,1995-05-20 01:00:00,"6' 3""",190.5,210.0,95.25431999999999,17,19,0,Arvika,,L,DET
8477456,J. Compher,USA,LW,1995-04-08 01:00:00,"6' 0""",182.88,193.0,87.543256,21,0,0,Northbrook,IL,R,COL
8477462,R. Hagg,SWE,D,1995-02-08 00:00:00,"6' 2""",187.96,204.0,92.532768,4,0,0,Uppsala,,L,PHI
8477464,N. Petan,CAN,LW,1995-03-22 00:00:00,"5' 9""",175.26,179.0,81.192968,10,0,0,Delta,BC,L,TOR
8477472,C. Dahlstrom,SWE,D,1995-01-28 00:00:00,"6' 4""",193.04,231.0,104.779752,52,0,0,Stockholm,,L,WPG
8477474,M. Bowey,CAN,D,1995-04-22 01:00:00,"6' 2""",187.96,198.0,89.811216,17,0,0,Winnipeg,MB,R,DET
8477476,A. Lehkonen,FIN,LW,1995-07-04 01:00:00,"6' 0""",182.88,183.0,83.007336,8,0,0,Piikkio,,L,MTL
8477478,W. Carrier,CAN,LW,1994-12-20 00:00:00,"6' 2""",187.96,212.0,96.161504,54,0,0,LaSalle,QC,L,VGK
8477479,T. Bertuzzi,CAN,LW,1995-02-24 00:00:00,"6' 0""",182.88,190.0,86.18248,17,0,0,Sudbury,ON,L,DET
8477482,Z. Sanford,USA,LW,1994-11-09 00:00:00,"6' 4""",193.04,207.0,93.893544,19,0,0,Salem,MA,L,STL
8477488,B. Pesce,USA,D,1994-11-15 00:00:00,"6' 3""",190.5,200.0,90.7184,12,0,0,Tarrytown,NY,R,CAR
8477492,N. MacKinnon,CAN,C,1995-09-01 01:00:00,"6' 0""",182.88,205.0,92.98636,21,0,0,Halifax,NS,R,COL
8477493,A. Barkov,FIN,C,1995-09-02 01:00:00,"6' 3""",190.5,213.0,96.615096,13,0,0,Tampere,,L,FLA
8477494,J. Drouin,CAN,LW,1995-03-28 01:00:00,"6' 0""",182.88,203.0,92.079176,8,0,0,Ste-Agathe,QC,L,MTL
8477495,S. Jones,USA,D,1994-10-03 01:00:00,"6' 4""",193.04,210.0,95.25431999999999,29,0,0,Arlington,TX,R,CBJ
8477496,E. Lindholm,SWE,C,1994-12-02 00:00:00,"6' 1""",185.42,192.0,87.089664,20,0,0,Boden,,R,CGY
8477497,S. Monahan,CAN,C,1994-10-12 01:00:00,"6' 3""",190.5,195.0,88.45044,20,0,0,Brampton,ON,L,CGY
8477498,D. Nurse,CAN,D,1995-02-04 00:00:00,"6' 4""",193.04,221.0,100.243832,22,0,0,Hamilton,ON,L,EDM
8477499,R. Ristolainen,FIN,D,1994-10-27 00:00:00,"6' 4""",193.04,218.0,98.883056,7,0,0,Turku,,R,BUF
8477500,B. Horvat,CAN,C,1995-04-05 01:00:00,"6' 0""",182.88,223.0,101.151016,23,0,0,London,ON,L,VAN
8477501,V. Nichushkin,RUS,RW,1995-03-04 00:00:00,"6' 4""",193.04,205.0,92.98636,21,0,0,Chelyabinsk,,L,COL
8477503,M. Domi,CAN,LW,1995-03-02 00:00:00,"5' 10""",177.8,195.0,88.45044,8,0,0,Winnipeg,MB,L,MTL
8477504,J. Morrissey,CAN,D,1995-03-28 01:00:00,"6' 0""",182.88,195.0,88.45044,52,0,0,Calgary,AB,L,WPG
8477505,A. Wennberg,SWE,C,1994-09-22 01:00:00,"6' 2""",187.96,196.0,88.904032,29,0,0,Stockholm,,L,CBJ
8477506,R. Pulock,CAN,D,1994-10-06 01:00:00,"6' 2""",187.96,214.0,97.068688,2,0,0,Dauphin,MB,R,NYI
8477507,N. Zadorov,RUS,D,1995-04-16 01:00:00,"6' 5""",195.58,230.0,104.32616,21,0,0,Moscow,,L,COL
8477508,C. Lazar,CAN,C,1995-02-02 00:00:00,"6' 0""",182.88,209.0,94.80072799999999,7,0,0,Salmon Arm,BC,R,BUF
8477509,M. Mueller,CHE,D,1995-03-21 00:00:00,"6' 3""",190.5,210.0,95.25431999999999,1,0,0,Winterthur,,L,NJD
8477511,A. Mantha,CAN,RW,1994-09-16 01:00:00,"6' 5""",195.58,225.0,102.0582,17,0,0,Longueuil,QC,L,DET
8477512,F. Gauthier,CAN,C,1995-04-26 01:00:00,"6' 5""",195.58,232.0,105.233344,10,0,0,Laval,QC,L,TOR
8477527,R. Johnston,CAN,LW,1994-02-18 00:00:00,"6' 5""",195.58,235.0,106.59412,2,0,0,Charlottetown,PE,L,NYI
8477529,C. Cave,CAN,C,1994-12-26 00:00:00,"6' 1""",185.42,200.0,90.7184,22,0,0,Battleford,SK,L,EDM
8477839,C. Sheary,USA,LW,1992-06-08 01:00:00,"5' 8""",172.72,175.0,79.3786,7,5,0,Winchester,MA,L,BUF
8477845,T. van Riemsdyk,USA,D,1991-07-24 01:00:00,"6' 2""",187.96,188.0,85.275296,12,0,0,Middletown,NJ,R,CAR
8477846,R. Carpenter,USA,C,1991-01-18 00:00:00,"6' 0""",182.88,200.0,90.7184,16,0,0,Oviedo,FL,R,CHI
8477850,C. Folin,SWE,D,1991-02-09 00:00:00,"6' 3""",190.5,204.0,92.532768,8,0,0,Gothenburg,,R,MTL
8477851,J. Oesterle,USA,D,1992-06-25 01:00:00,"6' 0""",182.88,182.0,82.553744,53,0,0,Dearborn Heights,MI,L,ARI
8477901,D. Carr,CAN,LW,1991-11-01 00:00:00,"6' 0""",182.88,193.0,87.543256,18,0,0,Sherwood Park,AB,L,NSH
8477903,G. Hathaway,USA,RW,1991-11-23 00:00:00,"6' 2""",187.96,208.0,94.347136,15,0,0,Kennebunkport,ME,R,WSH
8477922,M. Karlsson,SWE,C,1990-07-18 01:00:00,"6' 0""",182.88,180.0,81.64656,28,0,0,Lycksele,,R,SJS
8477930,P. Bellemare,FRA,LW,1985-03-06 00:00:00,"6' 0""",182.88,198.0,89.811216,21,0,0,Le Blanc-Mesnil,,L,COL
8477931,T. Nosek,CZE,LW,1992-09-01 01:00:00,"6' 3""",190.5,210.0,95.25431999999999,54,0,0,Pardubice,,L,VGK
8477932,A. Ekblad,CAN,D,1996-02-07 00:00:00,"6' 4""",193.04,216.0,97.975872,13,0,0,Windsor,ON,R,FLA
8477933,S. Reinhart,CAN,C,1995-11-06 00:00:00,"6' 1""",185.42,192.0,87.089664,7,0,0,West Vancouver,BC,R,BUF
8477934,L. Draisaitl,DEU,C,1995-10-27 00:00:00,"6' 2""",187.96,215.0,97.52228,22,0,0,Cologne,,L,EDM
8477935,S. Bennett,CAN,C,1996-06-20 01:00:00,"6' 1""",185.42,200.0,90.7184,20,0,0,Holland Landing,ON,L,CGY
8477936,M. Dal Colle,CAN,LW,1996-06-20 01:00:00,"6' 3""",190.5,204.0,92.532768,2,0,0,Richmond Hill,ON,L,NYI
8477937,J. Virtanen,CAN,RW,1996-08-17 01:00:00,"6' 1""",185.42,229.0,103.872568,23,0,0,New Westminster,BC,R,VAN
8477938,H. Fleury,CAN,D,1996-07-08 01:00:00,"6' 3""",190.5,221.0,100.243832,12,0,0,Carlyle,SK,L,CAR
8477939,W. Nylander,SWE,C,1996-05-01 01:00:00,"6' 0""",182.88,191.0,86.636072,10,0,0,Calgary,AB,R,TOR
8477940,N. Ehlers,DNK,LW,1996-02-14 00:00:00,"6' 0""",182.88,172.0,78.017824,52,0,0,Aalborg,,L,WPG
8477941,N. Ritchie,CAN,LW,1995-12-05 00:00:00,"6' 2""",187.96,234.0,106.140528,24,0,0,Orangeville,ON,L,ANA
8477942,K. Fiala,CHE,LW,1996-07-22 01:00:00,"5' 10""",177.8,193.0,87.543256,30,0,0,St. Gallen,,L,MIN
8477943,B. Perlini,GBR,LW,1996-04-27 01:00:00,"6' 3""",190.5,211.0,95.707912,17,0,0,Guildford,,L,DET
8477944,J. Vrana,CZE,LW,1996-02-28 00:00:00,"6' 0""",182.88,197.0,89.357624,15,0,0,Prague,,L,WSH
8477946,D. Larkin,USA,C,1996-07-30 01:00:00,"6' 1""",185.42,198.0,89.811216,17,0,0,Waterford,MI,L,DET
8477947,S. Milano,USA,LW,1996-05-12 01:00:00,"6' 0""",182.88,195.0,88.45044,29,0,0,Massapequa,NY,L,CBJ
8477948,T. Sanheim,CAN,D,1996-03-29 00:00:00,"6' 3""",190.5,181.0,82.100152,4,0,0,Elkhorn,MB,L,PHI
8477949,A. Tuch,USA,RW,1996-05-10 01:00:00,"6' 4""",193.04,222.0,100.697424,54,0,0,Syracuse,NY,R,VGK
8477950,T. DeAngelo,USA,D,1995-10-24 00:00:00,"5' 11""",180.34,181.0,82.100152,3,0,0,Sewell,NJ,R,NYR
8477951,N. Schmaltz,USA,C,1996-02-23 00:00:00,"6' 0""",182.88,177.0,80.28578399999999,53,0,0,Madison,WI,R,ARI
8477952,R. Fabbri,CAN,C,1996-01-22 00:00:00,"5' 10""",177.8,190.0,86.18248,17,0,0,Mississauga,ON,L,DET
8477953,K. Kapanen,FIN,RW,1996-07-23 01:00:00,"6' 1""",185.42,187.0,84.821704,10,0,0,Kuopio,,R,TOR
8477955,J. McCann,CAN,C,1996-05-31 01:00:00,"6' 1""",185.42,198.0,89.811216,5,0,0,Stratford,ON,L,PIT
8477956,D. Pastrnak,CZE,RW,1996-05-25 01:00:00,"6' 0""",182.88,181.0,82.100152,6,0,0,Havirov,,R,BOS
8477960,A. Kempe,SWE,LW,1996-09-13 01:00:00,"6' 2""",187.96,195.0,88.45044,26,0,0,Kramfors,,L,LAK
8477961,J. Quenneville,CAN,C,1996-04-16 01:00:00,"6' 1""",185.42,195.0,88.45044,16,0,0,Edmonton,AB,L,CHI
8477962,B. Lemieux,USA,LW,1996-03-15 00:00:00,"6' 1""",185.42,210.0,95.25431999999999,3,0,0,Denver,CO,L,NYR
8477963,J. Hawryluk,CAN,C,1996-01-01 00:00:00,"5' 11""",180.34,196.0,88.904032,13,9,0,Yorkton,SK,R,FLA
8477964,I. Barbashev,RUS,C,1995-12-14 00:00:00,"6' 0""",182.88,187.0,84.821704,19,0,0,Moscow,,L,STL
8477969,M. Pettersson,SWE,D,1996-05-08 01:00:00,"6' 4""",193.04,180.0,81.64656,5,0,0,Skellefteå,,L,PIT
8477971,A. Englund,SWE,D,1996-01-21 00:00:00,"6' 3""",190.5,189.0,85.728888,9,0,0,Stockholm,,L,OTT
8477973,V. Kamenev,RUS,C,1996-08-12 01:00:00,"6' 2""",187.96,194.0,87.996848,21,0,0,Orsk,,L,COL
8477974,R. MacInnis,USA,C,1996-02-14 00:00:00,"6' 4""",193.04,200.0,90.7184,29,0,0,St. Louis,MO,L,CBJ
8477979,N. Aube-Kubel,CAN,RW,1996-05-10 01:00:00,"5' 11""",180.34,187.0,84.821704,4,0,0,Slave Lake,AB,R,PHI
8477986,B. Montour,CAN,D,1994-04-11 01:00:00,"6' 0""",182.88,192.0,87.089664,7,0,0,Brantford,ON,R,BUF
8477987,R. Donato,USA,C,1996-04-09 01:00:00,"6' 0""",182.88,181.0,82.100152,30,0,0,Boston,MA,L,MIN
8477989,C. Dvorak,USA,C,1996-02-02 00:00:00,"6' 0""",182.88,195.0,88.45044,53,0,0,Palos,IL,L,ARI
8477998,W. Foegele,CAN,LW,1996-04-01 01:00:00,"6' 2""",187.96,190.0,86.18248,12,0,0,Markham,ON,L,CAR
8478010,B. Point,CAN,C,1996-03-13 00:00:00,"5' 10""",177.8,166.0,75.296272,14,0,0,Calgary,AB,R,TBL
8478017,M. Friedman,CAN,D,1995-12-25 00:00:00,"5' 11""",180.34,185.0,83.91452,4,0,0,Toronto,ON,R,PHI
8478020,M. Amadio,CAN,C,1996-05-13 01:00:00,"6' 1""",185.42,204.0,92.532768,26,0,0,Sault Ste. Marie,ON,R,LAK
8478021,W. Lagesson,SWE,D,1996-02-22 00:00:00,"6' 2""",187.96,207.0,93.893544,22,0,0,Gothenburg,,L,EDM
8478027,L. Wallmark,SWE,C,1995-09-05 01:00:00,"6' 0""",182.88,176.0,79.83219199999999,12,13,0,Umea,,L,CAR
8478036,C. Ehn,SWE,C,1996-04-05 01:00:00,"6' 3""",190.5,195.0,88.45044,17,0,0,Skara,,L,DET
8478038,D. Toews,CAN,D,1994-02-21 00:00:00,"6' 1""",185.42,191.0,86.636072,2,0,0,Abbotsford,BC,L,NYI
8478042,V. Arvidsson,SWE,LW,1993-04-08 01:00:00,"5' 9""",175.26,180.0,81.64656,18,0,0,Skellefteå,,R,NSH
8478043,S. Lafferty,USA,C,1995-03-06 00:00:00,"6' 1""",185.42,195.0,88.45044,5,0,0,Hollidaysburg,PA,R,PIT
8478046,D. Heinen,CAN,C,1995-07-05 01:00:00,"6' 1""",185.42,185.0,83.91452,6,0,0,Langley,BC,L,BOS
8478056,C. Bishop,CAN,C,1996-03-29 00:00:00,"6' 1""",185.42,199.0,90.264808,12,0,0,St. John's,NL,L,CAR
8478067,O. Lindblom,SWE,LW,1996-08-15 01:00:00,"6' 1""",185.42,191.0,86.636072,4,0,0,Gävle,,L,PHI
8478074,A. Angello,USA,C,1996-03-06 00:00:00,"6' 5""",195.58,210.0,95.25431999999999,5,0,0,Albany,NY,R,PIT
8478075,A. Bjork,USA,LW,1996-08-05 01:00:00,"6' 0""",182.88,186.0,84.368112,6,0,0,Mequon,WI,L,BOS
8478099,K. Labanc,USA,RW,1995-12-12 00:00:00,"5' 11""",180.34,185.0,83.91452,28,0,0,Brooklyn,NY,R,SJS
8478104,S. Blais,CAN,LW,1996-06-17 01:00:00,"6' 2""",187.96,205.0,92.98636,19,0,0,Montmagny,QC,L,STL
8478109,V. Olofsson,SWE,RW,1995-07-18 01:00:00,"5' 11""",180.34,183.0,83.007336,7,0,0,Ornskoldsvik,,L,BUF
8478115,P. Engvall,SWE,LW,1996-05-31 01:00:00,"6' 5""",195.58,214.0,97.068688,10,0,0,Ljungby,,L,TOR
8478131,O. Kase,CZE,RW,1995-11-08 00:00:00,"6' 0""",182.88,185.0,83.91452,24,0,0,Kadan,,R,ANA
8478133,J. Evans,CAN,C,1996-06-02 01:00:00,"6' 1""",185.42,181.0,82.100152,8,0,0,Toronto,ON,R,MTL
8478146,M. Highmore,CAN,C,1996-02-27 00:00:00,"5' 11""",180.34,181.0,82.100152,16,0,0,Halifax,NS,L,CHI
8478176,J. Hicketts,CAN,D,1996-05-04 01:00:00,"5' 8""",172.72,180.0,81.64656,17,0,0,Kamloops,BC,L,DET
8478211,D. Hunt,CAN,LW,1995-11-24 00:00:00,"6' 0""",182.88,197.0,89.357624,13,0,0,Cranbrook,BC,L,FLA
8478233,A. Mangiapane,CAN,LW,1996-04-04 01:00:00,"5' 10""",177.8,184.0,83.460928,20,0,0,Toronto,ON,L,CGY
8478366,F. Vatrano,USA,C,1994-03-14 00:00:00,"5' 9""",175.26,201.0,91.171992,13,0,0,East Longmeadow,MA,L,FLA
8478367,C. Bardreau,USA,C,1993-07-22 01:00:00,"5' 10""",177.8,185.0,83.91452,2,0,0,Fairport,NY,R,NYI
8478396,N. Hanifin,USA,D,1997-01-25 00:00:00,"6' 3""",190.5,206.0,93.439952,20,0,0,Boston,MA,L,CGY
8478397,R. Andersson,SWE,D,1996-10-27 01:00:00,"6' 1""",185.42,214.0,97.068688,20,0,0,Malmö,,R,CGY
8478398,K. Connor,USA,LW,1996-12-09 00:00:00,"6' 1""",185.42,182.0,82.553744,52,0,0,Shelby Twp.,MI,L,WPG
8478399,J. Siegenthaler,CHE,D,1997-05-06 01:00:00,"6' 3""",190.5,210.0,95.25431999999999,15,0,0,Zurich,,L,WSH
8478400,C. White,USA,C,1997-01-30 00:00:00,"6' 0""",182.88,183.0,83.007336,9,0,0,Boston,MA,R,OTT
8478401,P. Zacha,CZE,C,1997-04-06 01:00:00,"6' 3""",190.5,210.0,95.25431999999999,1,0,0,Brno,,L,NJD
8478402,C. McDavid,CAN,C,1997-01-13 00:00:00,"6' 1""",185.42,192.0,87.089664,22,0,0,Richmond Hill,ON,L,EDM
8478403,J. Eichel,USA,C,1996-10-28 00:00:00,"6' 2""",187.96,206.0,93.439952,7,0,0,North Chelmsford,MA,R,BUF
8478407,V. Dunn,CAN,D,1996-10-29 00:00:00,"6' 0""",182.88,203.0,92.079176,19,0,0,Mississauga,ON,L,STL
8478408,T. Dermott,CAN,D,1996-12-22 00:00:00,"6' 0""",182.88,208.0,94.347136,10,0,0,Newmarket,ON,L,TOR
8478413,J. Greenway,USA,LW,1997-02-16 00:00:00,"6' 6""",198.12,226.0,102.511792,30,0,0,Canton,NY,L,MIN
8478414,T. Meier,CHE,RW,1996-10-08 01:00:00,"6' 0""",182.88,215.0,97.52228,28,0,0,Herisau,,L,SJS
8478416,E. Cernak,SVK,D,1997-05-28 01:00:00,"6' 3""",190.5,203.0,92.079176,14,0,0,Kosice,,R,TBL
8478420,M. Rantanen,FIN,RW,1996-10-29 00:00:00,"6' 4""",193.04,211.0,95.707912,21,0,0,Nousiainen,,L,COL
8478424,J. Harkins,USA,C,1997-05-23 01:00:00,"6' 1""",185.42,182.0,82.553744,52,0,0,Cleveland,OH,L,WPG
8478427,S. Aho,FIN,RW,1997-07-26 01:00:00,"5' 11""",180.34,172.0,78.017824,12,0,0,Rauma,,L,CAR
8478430,O. Kylington,SWE,D,1997-05-19 01:00:00,"6' 0""",182.88,183.0,83.007336,20,0,0,Stockholm,,L,CGY
8478432,C. Fischer,USA,RW,1997-04-15 01:00:00,"6' 2""",187.96,214.0,97.068688,53,0,0,Chicago,IL,R,ARI
8478434,K. Kolesar,CAN,RW,1997-04-08 01:00:00,"6' 2""",187.96,227.0,102.965384,54,0,0,Brandon,MB,R,VGK
8478436,D. Kase,CZE,RW,1997-01-28 00:00:00,"5' 11""",180.34,169.0,76.657048,4,0,0,Kadan,,L,PHI
8478439,T. Konecny,CAN,C,1997-03-11 00:00:00,"5' 10""",177.8,175.0,79.3786,4,0,0,London,ON,R,PHI
8478440,D. Strome,CAN,C,1997-03-07 00:00:00,"6' 3""",190.5,200.0,90.7184,16,0,0,Mississauga,ON,L,CHI
8478443,B. Carlo,USA,D,1996-11-26 00:00:00,"6' 5""",195.58,208.0,94.347136,6,0,0,Colorado Springs,CO,R,BOS
8478444,B. Boeser,USA,RW,1997-02-25 00:00:00,"6' 1""",185.42,191.0,86.636072,23,0,0,Burnsville,MN,R,VAN
8478445,M. Barzal,CAN,C,1997-05-26 01:00:00,"6' 0""",182.88,189.0,85.728888,2,0,0,Coquitlam,BC,R,NYI
8478451,E. Bear,CAN,D,1997-06-26 01:00:00,"5' 11""",180.34,209.0,94.80072799999999,22,0,0,Regina,SK,R,EDM
8478452,C. Jones,USA,D,1997-06-06 01:00:00,"6' 1""",185.42,194.0,87.996848,22,0,0,Arlington,TX,L,EDM
8478455,A. Wagner,CAN,LW,1997-06-23 01:00:00,"6' 1""",185.42,185.0,83.91452,26,0,0,Calgary,AB,L,LAK
8478458,J. Roslovic,USA,C,1997-01-29 00:00:00,"6' 1""",185.42,187.0,84.821704,52,0,0,Columbus,OH,R,WPG
8478460,Z. Werenski,USA,D,1997-07-19 01:00:00,"6' 2""",187.96,209.0,94.80072799999999,29,0,0,Grosse Pointe,MI,L,CBJ
8478462,N. Roy,CAN,C,1997-02-05 00:00:00,"6' 4""",193.04,208.0,94.347136,54,0,0,Amos,QC,R,VGK
8478463,A. Beauvillier,CAN,C,1997-06-08 01:00:00,"5' 11""",180.34,182.0,82.553744,2,0,0,Sorel-Tracy,QC,L,NYI
8478466,D. Sprong,NLD,RW,1997-03-17 00:00:00,"6' 0""",182.88,180.0,81.64656,24,0,0,Amsterdam,,R,ANA
8478468,J. Lauzon,CAN,D,1997-04-28 01:00:00,"6' 1""",185.42,204.0,92.532768,6,0,0,Val D'or,QC,L,BOS
8478469,T. Chabot,CAN,D,1997-01-30 00:00:00,"6' 2""",187.96,196.0,88.904032,9,0,0,Sainte-Marie,QC,L,OTT
8478472,M. Joseph,CAN,RW,1997-02-09 00:00:00,"6' 1""",185.42,173.0,78.471416,14,0,0,Laval,QC,L,TBL
8478474,L. Crouse,CAN,LW,1997-06-23 01:00:00,"6' 4""",193.04,220.0,99.79024,53,0,0,Mt. Brydges,ON,L,ARI
8478476,K. Capobianco,CAN,D,1997-08-13 01:00:00,"6' 1""",185.42,196.0,88.904032,53,0,0,Mississauga,ON,L,ARI
8478477,M. Stephens,CAN,C,1997-02-05 00:00:00,"6' 0""",182.88,191.0,86.636072,14,0,0,Peterborough,ON,R,TBL
8478483,M. Marner,CAN,C,1997-05-05 01:00:00,"6' 0""",182.88,175.0,79.3786,10,0,0,Markham,ON,R,TOR
8478485,Z. Senyshyn,CAN,RW,1997-03-30 00:00:00,"6' 1""",185.42,192.0,87.089664,6,0,0,Ottawa,ON,R,BOS
8478488,F. Chlapik,CZE,C,1997-06-03 01:00:00,"6' 1""",185.42,196.0,88.904032,9,0,0,Prague,,L,OTT
8478491,J. Larsson,SWE,D,1997-04-29 01:00:00,"6' 2""",187.96,195.0,88.45044,24,0,0,Ljungby,,L,ANA
8478493,J. Eriksson Ek,SWE,C,1997-01-29 00:00:00,"6' 1""",185.42,206.0,93.439952,30,0,0,Karlstad,,L,MIN
8478495,D. Gurianov,RUS,RW,1997-06-07 01:00:00,"6' 3""",190.5,200.0,90.7184,25,0,0,Togliatti,,L,DAL
8478498,J. DeBrusk,CAN,LW,1996-10-17 01:00:00,"6' 0""",182.88,188.0,85.275296,6,0,0,Edmonton,AB,L,BOS
8478500,I. Provorov,RUS,D,1997-01-13 00:00:00,"6' 1""",185.42,201.0,91.171992,4,0,0,Yaroslavl,,L,PHI
8478502,D. Gilbert,USA,D,1996-10-30 00:00:00,"6' 2""",187.96,216.0,97.975872,16,0,0,Buffalo,NY,L,CHI
8478506,G. Carlsson,SWE,D,1997-01-02 00:00:00,"6' 5""",195.58,192.0,87.089664,29,0,0,Orebro,,L,CBJ
8478507,J. Marino,USA,D,1997-05-21 01:00:00,"6' 1""",185.42,181.0,82.100152,5,0,0,North Easton,MA,R,PIT
8478519,A. Cirelli,CAN,C,1997-07-15 01:00:00,"6' 0""",182.88,180.0,81.64656,14,0,0,Etobicoke,ON,L,TBL
8478542,E. Rodrigues,CAN,LW,1993-07-28 01:00:00,"5' 11""",180.34,182.0,82.553744,5,0,0,Toronto,ON,R,PIT
8478550,A. Panarin,RUS,LW,1991-10-30 00:00:00,"5' 11""",180.34,168.0,76.203456,3,0,0,Korkino,,R,NYR
8478567,D. Kukan,CHE,D,1993-07-08 01:00:00,"6' 2""",187.96,186.0,84.368112,29,0,0,Volketswil,,L,CBJ
8478569,N. Acciari,USA,C,1991-12-01 00:00:00,"5' 10""",177.8,208.0,94.347136,13,0,0,Johnston,RI,R,FLA
8478585,D. Ryan,USA,C,1986-12-29 00:00:00,"5' 11""",180.34,170.0,77.11064,20,0,0,Spokane,WA,R,CGY
8478831,K. Stenlund,SWE,C,1996-09-20 01:00:00,"6' 4""",193.04,209.0,94.80072799999999,29,0,0,Stockholm,,R,CBJ
8478833,J. Beaudin,CAN,C,1997-03-25 00:00:00,"6' 1""",185.42,196.0,88.904032,9,0,0,Longueuil,QC,R,OTT
8478838,L. Vejdemo,SWE,C,1996-01-25 00:00:00,"6' 2""",187.96,194.0,87.996848,8,0,0,Stockholm,,L,MTL
8478839,A. Saarela,FIN,C,1997-01-07 00:00:00,"5' 11""",180.34,198.0,89.811216,13,0,0,Helsinki,,L,FLA
8478843,D. Malgin,CHE,C,1997-01-18 00:00:00,"5' 9""",175.26,177.0,80.28578399999999,13,10,0,Olten,,R,FLA
8478844,M. Vorobyev,RUS,C,1997-01-05 00:00:00,"6' 2""",187.96,194.0,87.996848,4,0,0,Ufa,,L,PHI
8478856,C. Garland,USA,RW,1996-03-11 00:00:00,"5' 10""",177.8,165.0,74.84268,53,0,0,Scituate,MA,R,ARI
8478857,D. Timashov,UKR,LW,1996-10-01 01:00:00,"5' 10""",177.8,192.0,87.089664,10,17,0,Kirovograd,,L,TOR
8478866,D. Simon,CZE,C,1994-08-08 01:00:00,"5' 11""",180.34,190.0,86.18248,5,0,0,Prague,,L,PIT
8478868,C. Jaros,SVK,D,1996-04-02 01:00:00,"6' 3""",190.5,201.0,91.171992,9,0,0,Kosice,,R,OTT
8478870,R. Balcers,LVA,LW,1997-04-08 01:00:00,"5' 11""",180.34,175.0,79.3786,9,0,0,Latvia,,L,OTT
8478873,T. Terry,USA,RW,1997-09-10 01:00:00,"6' 1""",185.42,175.0,79.3786,24,0,0,Denver,CO,R,ANA
8478874,A. Gaudette,USA,C,1996-10-03 01:00:00,"6' 1""",185.42,170.0,77.11064,23,0,0,Braintree,MA,R,VAN
8478881,B. Seney,CAN,LW,1996-02-28 00:00:00,"5' 9""",175.26,156.0,70.760352,1,0,0,London,ON,L,NJD
8478882,V. Gavrikov,RUS,D,1995-11-21 00:00:00,"6' 3""",190.5,213.0,96.615096,29,0,0,Yaroslavl,,L,CBJ
8478891,M. Appleton,USA,C,1996-01-15 00:00:00,"6' 2""",187.96,193.0,87.543256,52,0,0,Green Bay,WI,R,WPG
8478906,M. Nutivaara,FIN,D,1994-06-06 01:00:00,"6' 1""",185.42,191.0,86.636072,29,0,0,Oulu,,L,CBJ
8478911,M. Roy,USA,D,1995-03-01 00:00:00,"6' 1""",185.42,200.0,90.7184,26,0,0,Detroit,MI,R,LAK
8478915,S. Niku,FIN,D,1996-10-10 01:00:00,"6' 1""",185.42,176.0,79.83219199999999,52,0,0,Haapavesi,,L,WPG
8479026,P. Myers,CAN,D,1997-01-25 00:00:00,"6' 5""",195.58,210.0,95.25431999999999,4,0,0,Moncton,NB,R,PHI
8479291,K. Rooney,USA,C,1993-05-21 01:00:00,"6' 2""",187.96,190.0,86.18248,1,0,0,Canton,MA,L,NJD
8479293,B. Tanev,CAN,LW,1991-12-31 00:00:00,"6' 0""",182.88,180.0,81.64656,5,0,0,Toronto,ON,L,PIT
8479314,M. Tkachuk,USA,LW,1997-12-11 00:00:00,"6' 2""",187.96,202.0,91.625584,20,0,0,Scottsdale,AZ,L,CGY
8479316,L. Kunin,USA,C,1997-12-04 00:00:00,"6' 0""",182.88,193.0,87.543256,30,0,0,Chesterfield,MO,R,MIN
8479318,A. Matthews,USA,C,1997-09-17 01:00:00,"6' 3""",190.5,216.0,97.975872,10,0,0,San Ramon,CA,L,TOR
8479323,A. Fox,USA,D,1998-02-17 00:00:00,"5' 11""",180.34,181.0,82.100152,3,0,0,Jericho,NY,R,NYR
8479324,R. Lindgren,USA,D,1998-02-11 00:00:00,"6' 0""",182.88,191.0,86.636072,3,0,0,Burnsville,MN,L,NYR
8479325,C. McAvoy,USA,D,1997-12-21 00:00:00,"6' 0""",182.88,208.0,94.347136,6,0,0,Long Beach,NY,R,BOS
8479328,J. Gauthier,CAN,RW,1997-10-15 01:00:00,"6' 4""",193.04,227.0,102.965384,12,0,0,Pointe-aux-Trembles,QC,R,CAR
8479333,L. Hajek,CZE,D,1998-02-04 00:00:00,"6' 2""",187.96,203.0,92.079176,3,0,0,Smrcek,,L,NYR
8479336,C. Grundstrom,SWE,RW,1997-12-01 00:00:00,"6' 0""",182.88,201.0,91.171992,26,0,0,Umea,,L,LAK
8479337,A. DeBrincat,USA,RW,1997-12-18 00:00:00,"5' 7""",170.18,165.0,74.84268,16,0,0,Farmington Hills,MI,R,CHI
8479339,P. Laine,FIN,RW,1998-04-19 01:00:00,"6' 5""",195.58,206.0,93.439952,52,0,0,Tampere,,R,WPG
8479343,C. Keller,USA,C,1998-07-29 01:00:00,"5' 10""",177.8,170.0,77.11064,53,0,0,Chesterfield,MO,L,ARI
8479345,J. Chychrun,USA,D,1998-03-31 01:00:00,"6' 2""",187.96,210.0,95.25431999999999,53,0,0,Boca Raton,FL,L,ARI
8479346,D. Dube,CAN,C,1998-07-20 01:00:00,"5' 11""",180.34,187.0,84.821704,20,0,0,Golden,BC,L,CGY
8479347,T. Benson,CAN,LW,1998-03-15 00:00:00,"6' 0""",182.88,190.0,86.18248,22,0,0,Edmonton,AB,L,EDM
8479351,S. Steel,CAN,C,1998-02-03 00:00:00,"5' 11""",180.34,185.0,83.91452,24,0,0,Ardrossan,AB,L,ANA
8479353,B. Howden,CAN,C,1998-03-29 00:00:00,"6' 3""",190.5,197.0,89.357624,3,0,0,Calgary,AB,L,NYR
8479358,C. Twarynski,CAN,LW,1997-11-24 00:00:00,"6' 2""",187.96,198.0,89.811216,4,0,0,St. Albert,AB,L,PHI
8479366,L. Brown,USA,C,1998-03-05 00:00:00,"6' 6""",198.12,220.0,99.79024,9,0,0,Raleigh,NC,L,OTT
8479368,M. Jones,USA,LW,1998-02-17 00:00:00,"6' 3""",190.5,209.0,94.80072799999999,24,0,0,Rochester,MI,L,ANA
8479369,A. Peeke,USA,D,1998-03-17 00:00:00,"6' 3""",190.5,194.0,87.996848,29,0,0,Parkland,FL,R,CBJ
8479370,T. Jost,CAN,C,1998-03-14 00:00:00,"5' 11""",180.34,191.0,86.636072,21,0,0,St. Albert,AB,L,COL
8479371,D. Fabbro,CAN,D,1998-06-20 01:00:00,"6' 0""",182.88,189.0,85.728888,18,0,0,Coquitlam,BC,R,NSH
8479376,V. Mete,CAN,D,1998-06-07 01:00:00,"5' 9""",175.26,184.0,83.460928,8,0,0,Woodbridge,ON,L,MTL
8479379,G. Smith,CAN,RW,1998-02-27 00:00:00,"6' 2""",187.96,210.0,95.25431999999999,17,0,0,Thornhill,ON,L,DET
8479381,N. Caamano,CAN,RW,1998-09-07 01:00:00,"6' 3""",190.5,200.0,90.7184,25,0,0,Hamilton,ON,L,DAL
8479382,C. Bunnaman,CAN,C,1998-04-16 01:00:00,"6' 1""",185.42,207.0,93.893544,4,0,0,Guelph,ON,L,PHI
8479385,J. Kyrou,CAN,C,1998-05-05 01:00:00,"6' 0""",182.88,175.0,79.3786,19,0,0,Toronto,ON,R,STL
8479388,R. Stillman,CAN,D,1998-03-09 00:00:00,"6' 1""",185.42,196.0,88.904032,13,0,0,Peterborough,ON,L,FLA
8479393,N. Gregor,CAN,C,1998-07-28 01:00:00,"6' 0""",182.88,185.0,83.91452,28,0,0,Beaumont,AB,L,SJS
8479395,D. Cholowski,CAN,D,1998-02-15 00:00:00,"6' 2""",187.96,197.0,89.357624,17,0,0,Langley,BC,L,DET
8479398,S. Girard,CAN,D,1998-05-12 01:00:00,"5' 10""",177.8,162.0,73.481904,21,0,0,Roberval,QC,L,COL
8479400,P. Dubois,CAN,C,1998-06-24 01:00:00,"6' 3""",190.5,207.0,93.893544,29,0,0,Ste-Agathe-Des-Monts,QC,L,CBJ
8479404,H. Borgstrom,FIN,C,1997-08-06 01:00:00,"6' 3""",190.5,185.0,83.91452,13,0,0,Helsinki,,L,FLA
8479407,J. Bratt,SWE,LW,1998-07-30 01:00:00,"5' 10""",177.8,175.0,79.3786,1,0,0,Stockholm,,L,NJD
8479410,M. Sergachev,RUS,D,1998-06-25 01:00:00,"6' 3""",190.5,215.0,97.52228,14,0,0,Nizhnekamsk,,L,TBL
8479423,A. Nylander,CAN,RW,1998-03-02 00:00:00,"6' 1""",185.42,192.0,87.089664,16,0,0,Calgary,AB,R,CHI
8479425,F. Hronek,CZE,D,1997-11-02 00:00:00,"6' 0""",182.88,183.0,83.007336,17,0,0,Hradec Králové,,R,DET
8479442,T. Stecher,CAN,D,1994-04-07 01:00:00,"5' 10""",177.8,190.0,86.18248,23,0,0,Richmond,BC,R,VAN
8479458,N. Zaitsev,RUS,D,1991-10-29 00:00:00,"6' 2""",187.96,195.0,88.45044,9,0,0,Moscow,,R,OTT
8479465,D. Caggiula,CAN,LW,1994-06-20 01:00:00,"5' 10""",177.8,185.0,83.91452,16,0,0,Pickering,ON,L,CHI
8479466,P. Russell,DNK,RW,1993-01-04 00:00:00,"6' 1""",185.42,203.0,92.079176,22,0,0,Holte,,R,EDM
8479482,M. Kempny,CZE,D,1990-09-08 01:00:00,"6' 0""",182.88,194.0,87.996848,15,0,0,Hodonin,,L,WSH
8479526,O. Koivula,FIN,LW,1998-09-01 01:00:00,"6' 4""",193.04,219.0,99.336648,2,0,0,Nokia,,L,NYI
8479571,J. Blichfeld,DNK,RW,1998-07-17 01:00:00,"6' 2""",187.96,180.0,81.64656,28,0,0,Frederikshavn,,R,SJS
8479580,D. Gambrell,USA,C,1996-08-26 01:00:00,"6' 0""",182.88,195.0,88.45044,28,0,0,Bonney Lake,WA,R,SJS
8479587,R. Gardner,CAN,C,1996-02-28 00:00:00,"6' 3""",190.5,225.0,102.0582,25,0,0,Moose Jaw,SK,L,DAL
8479644,M. Luff,CAN,RW,1997-05-05 01:00:00,"6' 2""",187.96,196.0,88.904032,26,0,0,Oakville,ON,R,LAK
8479671,M. Olivier,USA,RW,1997-02-11 00:00:00,"6' 2""",187.96,210.0,95.25431999999999,18,0,0,Biloxi,MS,R,NSH
8479675,T. Moore,USA,C,1995-03-31 01:00:00,"5' 10""",177.8,185.0,83.91452,10,26,0,Thousand Oaks,CA,L,TOR
8479748,G. Quinney,USA,C,1995-07-29 01:00:00,"5' 11""",180.34,200.0,90.7184,54,0,0,Las Vegas,NV,L,VGK
8479772,Z. MacEwen,CAN,C,1996-07-08 01:00:00,"6' 3""",190.5,205.0,92.98636,23,0,0,Charlottetown,PE,R,VAN
8479933,G. Mayhew,USA,C,1992-12-31 00:00:00,"5' 9""",175.26,166.0,75.296272,30,0,0,Wyandotte,MI,L,MIN
8479944,Z. Aston-Reese,USA,C,1994-08-10 01:00:00,"6' 0""",182.88,204.0,92.532768,5,0,0,Staten Island,NY,L,PIT
8479977,K. Yamamoto,USA,RW,1998-09-29 01:00:00,"5' 8""",172.72,154.0,69.853168,22,0,0,Spokane,WA,R,EDM
8479980,N. Hague,CAN,D,1998-12-05 00:00:00,"6' 6""",198.12,215.0,97.52228,54,0,0,Kitchener,ON,L,VGK
8479983,M. Ferraro,CAN,D,1998-09-17 01:00:00,"5' 11""",180.34,185.0,83.91452,28,0,0,Toronto,ON,L,SJS
8479985,C. Fleury,CAN,D,1998-11-19 00:00:00,"6' 1""",185.42,205.0,92.98636,8,0,0,Carlyle,SK,R,MTL
8479994,J. Anderson-Dolan,CAN,C,1999-09-12 01:00:00,"5' 11""",180.34,188.0,85.275296,26,0,0,Calgary,AB,L,LAK
8479996,C. Glass,CAN,C,1999-04-01 01:00:00,"6' 2""",187.96,178.0,80.739376,54,0,0,Winnipeg,MB,R,VGK
8479998,M. Anderson,USA,D,1999-05-25 01:00:00,"6' 0""",182.88,197.0,89.357624,26,0,0,Fridley,MN,L,LAK
8479999,C. Mittelstadt,USA,C,1998-11-22 00:00:00,"6' 1""",185.42,201.0,91.171992,7,0,0,Eden Prairie,MN,L,BUF
8480002,N. Hischier,CHE,C,1999-01-04 00:00:00,"6' 1""",185.42,175.0,79.3786,1,0,0,Brig,,L,NJD
8480003,J. Boqvist,SWE,C,1998-10-30 00:00:00,"6' 0""",182.88,180.0,81.64656,1,0,0,Falun,,L,NJD
8480012,E. Pettersson,SWE,C,1998-11-12 00:00:00,"6' 2""",187.96,176.0,79.83219199999999,23,0,0,Sundsvall,,L,VAN
8480014,G. Vilardi,CAN,C,1999-08-16 01:00:00,"6' 3""",190.5,201.0,91.171992,26,0,0,Kingston,ON,R,LAK
8480018,N. Suzuki,CAN,C,1999-08-10 01:00:00,"5' 11""",180.34,183.0,83.007336,8,0,0,London,ON,R,MTL
8480021,J. Studnicka,CAN,C,1999-02-18 00:00:00,"6' 1""",185.42,171.0,77.564232,6,0,0,Windsor,ON,R,BOS
8480023,R. Thomas,CAN,C,1999-07-02 01:00:00,"6' 0""",182.88,188.0,85.275296,19,0,0,Aurora,ON,R,STL
8480028,M. Frost,CAN,C,1999-05-14 01:00:00,"5' 11""",180.34,170.0,77.11064,4,0,0,Aurora,ON,L,PHI
8480031,M. Comtois,CAN,LW,1999-01-08 00:00:00,"6' 2""",187.96,215.0,97.52228,24,0,0,Longueuil,QC,L,ANA
8480035,H. Jokiharju,FIN,D,1999-06-17 01:00:00,"6' 0""",182.88,195.0,88.45044,7,0,0,Oulu,,R,BUF
8480036,M. Heiskanen,FIN,D,1999-07-18 01:00:00,"6' 1""",185.42,190.0,86.18248,25,0,0,Espoo,,L,DAL
8480039,M. Necas,CZE,C,1999-01-15 00:00:00,"6' 1""",185.42,167.0,75.749864,12,0,0,Nove Mesto na Morave,,R,CAR
8480043,T. Liljegren,SWE,D,1999-04-30 01:00:00,"6' 0""",182.88,198.0,89.811216,10,0,0,Kristianstad,,R,TOR
8480064,J. Norris,USA,C,1999-05-05 01:00:00,"6' 2""",187.96,192.0,87.089664,9,0,0,Oxford,MI,L,OTT
8480068,R. Poehling,USA,C,1999-01-03 00:00:00,"6' 2""",187.96,204.0,92.532768,8,0,0,Lakeville,MN,L,MTL
8480069,C. Makar,CAN,D,1998-10-30 00:00:00,"5' 11""",180.34,187.0,84.821704,21,0,0,Calgary,AB,R,COL
8480072,L. Andersson,SWE,C,1998-10-13 01:00:00,"6' 0""",182.88,204.0,92.532768,3,0,0,Smogen,,L,NYR
8480073,E. Brannstrom,SWE,D,1999-09-02 01:00:00,"5' 10""",177.8,173.0,78.471416,9,0,0,Eksjo,,L,OTT
8480074,A. Texier,FRA,C,1999-09-13 01:00:00,"6' 1""",185.42,192.0,87.089664,29,0,0,St. Martin D'heres,,L,CBJ
8480078,F. Chytil,CZE,C,1999-09-05 01:00:00,"6' 2""",187.96,202.0,91.625584,3,0,0,Kromeriz,,L,NYR
8480113,A. Iafallo,USA,C,1993-12-21 00:00:00,"6' 0""",182.88,185.0,83.91452,26,0,0,Eden,NY,L,LAK
8480144,D. Kampf,CZE,C,1995-01-12 00:00:00,"6' 2""",187.96,195.0,88.45044,16,0,0,Chomutov,,L,CHI
8480145,N. Pionk,USA,D,1995-07-29 01:00:00,"6' 0""",182.88,190.0,86.18248,52,0,0,Hermantown,MN,R,WPG
8480147,O. Fantenberg,SWE,D,1991-10-07 01:00:00,"6' 0""",182.88,210.0,95.25431999999999,23,0,0,Ljunby,,L,VAN
8480157,C. Rosen,SWE,D,1994-02-02 00:00:00,"6' 1""",185.42,195.0,88.45044,21,10,0,Vaxjo,,L,COL
8480160,R. Simek,CZE,D,1992-09-20 01:00:00,"5' 11""",180.34,200.0,90.7184,28,0,0,Mlada Boleslav,,L,SJS
8480172,J. Rutta,CZE,D,1990-07-29 01:00:00,"6' 3""",190.5,200.0,90.7184,14,0,0,Písek,,R,TBL
8480184,G. Lindstrom,SWE,D,1998-10-20 01:00:00,"6' 2""",187.96,190.0,86.18248,17,0,0,Ostervala,,R,DET
8480185,E. Luostarinen,FIN,C,1998-09-02 01:00:00,"6' 3""",190.5,184.0,83.460928,12,0,0,Siilinjarvi,,L,CAR
8480186,A. Volkov,RUS,RW,1997-08-02 01:00:00,"6' 1""",185.42,191.0,86.636072,14,0,0,Moscow,,L,TBL
8480205,E. Bemstrom,SWE,C,1999-06-01 01:00:00,"6' 0""",182.88,190.0,86.18248,29,0,0,Nykoping,,R,CBJ
8480247,J. Davidsson,SWE,RW,1997-03-12 00:00:00,"5' 11""",180.34,185.0,83.91452,9,0,0,Tyreso,,R,OTT
8480336,S. Walker,CAN,D,1994-11-13 00:00:00,"5' 11""",180.34,196.0,88.904032,26,0,0,Keswick,ON,R,LAK
8480727,Z. Whitecloud,CAN,D,1996-11-28 00:00:00,"6' 2""",187.96,209.0,94.80072799999999,54,0,0,Brandon,MB,R,VGK
8480762,E. Robinson,USA,LW,1995-06-14 01:00:00,"6' 2""",187.96,200.0,90.7184,29,0,0,BELLMAWR,NJ,L,CBJ
8480780,L. Radil,CZE,C,1990-08-05 01:00:00,"6' 4""",193.04,205.0,92.98636,28,0,0,Caslav,,R,SJS
8480789,O. Wahlstrom,USA,RW,2000-06-13 01:00:00,"6' 2""",187.96,211.0,95.707912,2,0,0,Quincy,MA,R,NYI
8480796,M. Fehervary,SVK,D,1999-10-06 01:00:00,"6' 2""",187.96,200.0,90.7184,15,0,0,Bratislava,,L,WSH
8480797,J. Farabee,USA,LW,2000-02-25 00:00:00,"6' 0""",182.88,164.0,74.389088,4,0,0,Syracuse,NY,L,PHI
8480800,Q. Hughes,USA,D,1999-10-14 01:00:00,"5' 10""",177.8,170.0,77.11064,23,0,0,Orlando,FL,L,VAN
8480801,B. Tkachuk,USA,LW,1999-09-16 01:00:00,"6' 4""",193.04,212.0,96.161504,9,0,0,Scottsdale,AZ,L,OTT
8480806,I. Lundestrom,SWE,C,1999-11-06 00:00:00,"6' 0""",182.88,187.0,84.821704,24,0,0,Gallivare,,L,ANA
8480821,F. Zadina,CZE,RW,1999-11-27 00:00:00,"6' 0""",182.88,189.0,85.728888,17,0,0,Pardubice,,L,DET
8480822,M. Kaut,CZE,RW,1999-10-02 01:00:00,"6' 2""",187.96,190.0,86.18248,21,0,0,Brno,,R,COL
8480829,J. Kotkaniemi,FIN,C,2000-07-06 01:00:00,"6' 2""",187.96,198.0,89.811216,8,0,0,Pori,,L,MTL
8480830,A. Svechnikov,RUS,RW,2000-03-26 00:00:00,"6' 2""",187.96,195.0,88.45044,12,0,0,Barnaul,,L,CAR
8480839,R. Dahlin,SWE,D,2000-04-13 01:00:00,"6' 3""",190.5,193.0,87.543256,7,0,0,Lidkoping,,L,BUF
8480849,B. Hayton,CAN,C,2000-06-09 01:00:00,"6' 1""",185.42,190.0,86.18248,53,0,0,Peterborough,ON,L,ARI
8480865,N. Dobson,CAN,D,2000-01-07 00:00:00,"6' 4""",193.04,184.0,83.460928,2,0,0,Summerside,PE,R,NYI
8480871,A. Boqvist,SWE,D,2000-08-15 01:00:00,"5' 11""",180.34,179.0,81.192968,16,0,0,Falun,,R,CHI
8480873,R. Sandin,SWE,D,2000-03-07 00:00:00,"5' 11""",180.34,183.0,83.007336,10,0,0,Uppsala,,L,TOR
8480901,K. Kuhlman,USA,C,1995-09-26 01:00:00,"5' 11""",180.34,185.0,83.91452,6,0,0,Esko,MN,R,BOS
8480944,P. Lindholm,SWE,C,1991-10-05 01:00:00,"6' 0""",182.88,183.0,83.007336,6,0,0,Kusmark,,L,BOS
8480945,J. Riikola,FIN,D,1993-11-09 00:00:00,"6' 0""",182.88,189.0,85.728888,5,0,0,Joensuu,,L,PIT
8480946,D. Kahun,DEU,C,1995-07-02 01:00:00,"5' 11""",180.34,175.0,79.3786,5,7,0,Plana,,L,PIT
8480950,I. Lyubushkin,RUS,D,1994-04-06 01:00:00,"6' 2""",187.96,201.0,91.171992,53,0,0,Moscow,,R,ARI
8480965,A. Suomela,FIN,C,1994-03-17 00:00:00,"6' 0""",182.88,180.0,81.64656,28,0,0,Espoo,,L,SJS
8481019,D. Gustafsson,SWE,C,2000-04-11 01:00:00,"6' 2""",187.96,196.0,88.904032,52,0,0,Tingsryd,,L,WPG
8481186,L. O'Connor,USA,RW,1996-08-14 01:00:00,"6' 0""",182.88,175.0,79.3786,21,0,0,Missouri City,TX,R,COL
8481433,T. Hirose,CAN,LW,1996-06-30 01:00:00,"5' 10""",177.8,162.0,73.481904,17,0,0,Calgary,AB,L,DET
8481477,N. Sturm,DEU,C,1995-05-03 01:00:00,"6' 3""",190.5,206.0,93.439952,30,0,0,Augsburg,,L,MIN
8481481,B. Lizotte,USA,C,1997-12-13 00:00:00,"5' 7""",170.18,172.0,78.017824,26,0,0,Lindstrom,MN,L,LAK
8481516,J. Kellman,SWE,C,1994-05-25 01:00:00,"5' 11""",180.34,192.0,87.089664,28,0,0,Karlskrona,,L,SJS
8481523,K. Dach,CAN,C,2001-01-21 00:00:00,"6' 4""",193.04,197.0,89.357624,16,0,0,Fort Saskatchewan,AB,R,CHI
8481554,K. Kakko,FIN,RW,2001-02-13 00:00:00,"6' 3""",190.5,199.0,90.264808,3,0,0,Turku,,L,NYR
8481559,J. Hughes,USA,C,2001-05-14 01:00:00,"5' 11""",180.34,170.0,77.11064,1,0,0,Orlando,FL,L,NJD
8481624,I. Mikheyev,RUS,RW,1994-10-10 01:00:00,"6' 3""",190.5,195.0,88.45044,10,0,0,Omsk,,L,TOR
8481637,A. Wedin,SWE,LW,1993-03-01 00:00:00,"5' 11""",180.34,195.0,88.45044,16,0,0,Sundsvall,,L,CHI
8481638,J. Nygard,SWE,LW,1993-01-08 00:00:00,"6' 0""",182.88,179.0,81.192968,22,0,0,Stockholm,,L,EDM
8481650,J. Lilja,SWE,LW,1993-07-23 01:00:00,"6' 1""",185.42,196.0,88.904032,29,0,0,Malmo,,L,CBJ
8481813,G. Haas,CHE,C,1992-01-31 00:00:00,"6' 0""",182.88,181.0,82.100152,22,0,0,Bonfol,,R,EDM
